/home/paper219/Desktop/analysis/demonstration/projects/BottomBar/revisions/rev_9f16fe4_dbbaa12/rev_9f16fe4-dbbaa12/bottom-bar/src/main/java/com/roughike/bottombar/BottomBar.java;FieldDeclaration
/home/paper219/Desktop/analysis/demonstration/projects/BottomBar/revisions/rev_5037560_3a21a54/rev_5037560-3a21a54/bottom-bar/src/main/java/com/roughike/bottombar/MiscUtils.java;ImportDeclaration
/home/paper219/Desktop/analysis/demonstration/projects/Swagger-core/revisions/rev_eb281d3_9fc507c/rev_eb281d3-9fc507c/modules/swagger-annotations/src/main/java/com/wordnik/swagger/annotations/ApiResponse.java;ImportDeclaration
/home/paper219/Desktop/analysis/demonstration/projects/Swagger-core/revisions/rev_eb281d3_9fc507c/rev_eb281d3-9fc507c/modules/swagger-annotations/src/main/java/com/wordnik/swagger/annotations/ApiOperation.java;ImportDeclaration
/home/paper219/Desktop/analysis/demonstration/projects/Swagger-core/revisions/rev_eb281d3_9fc507c/rev_eb281d3-9fc507c/modules/swagger-annotations/src/main/java/com/wordnik/swagger/annotations/ApiModelProperty.java;ImportDeclaration
/home/paper219/Desktop/analysis/demonstration/projects/Swagger-core/revisions/rev_eb281d3_9fc507c/rev_eb281d3-9fc507c/modules/swagger-annotations/src/main/java/com/wordnik/swagger/annotations/ApiImplicitParam.java;ImportDeclaration
/home/paper219/Desktop/analysis/demonstration/projects/Swagger-core/revisions/rev_eb281d3_9fc507c/rev_eb281d3-9fc507c/modules/swagger-annotations/src/main/java/com/wordnik/swagger/annotations/ApiImplicitParams.java;ImportDeclaration
/home/paper219/Desktop/analysis/demonstration/projects/Swagger-core/revisions/rev_eb281d3_9fc507c/rev_eb281d3-9fc507c/modules/swagger-annotations/src/main/java/com/wordnik/swagger/annotations/ApiModel.java;ImportDeclaration
/home/paper219/Desktop/analysis/demonstration/projects/Swagger-core/revisions/rev_eb281d3_9fc507c/rev_eb281d3-9fc507c/modules/swagger-annotations/src/main/java/com/wordnik/swagger/annotations/ApiResponses.java;ImportDeclaration
/home/paper219/Desktop/analysis/demonstration/projects/Swagger-core/revisions/rev_eb281d3_9fc507c/rev_eb281d3-9fc507c/modules/swagger-annotations/src/main/java/com/wordnik/swagger/annotations/Api.java;ImportDeclaration
/home/paper219/Desktop/analysis/demonstration/projects/Swagger-core/revisions/rev_eb281d3_9fc507c/rev_eb281d3-9fc507c/modules/swagger-annotations/src/main/java/com/wordnik/swagger/annotations/Authorization.java;ImportDeclaration
/home/paper219/Desktop/analysis/demonstration/projects/Swagger-core/revisions/rev_eb281d3_9fc507c/rev_eb281d3-9fc507c/modules/swagger-annotations/src/main/java/com/wordnik/swagger/annotations/ApiParam.java;ImportDeclaration
/home/paper219/Desktop/analysis/demonstration/projects/Swagger-core/revisions/rev_eb281d3_9fc507c/rev_eb281d3-9fc507c/modules/swagger-annotations/src/main/java/com/wordnik/swagger/annotations/AuthorizationScope.java;ImportDeclaration
/home/paper219/Desktop/analysis/demonstration/projects/Swagger-core/revisions/rev_d9f3dd3_e85702c/rev_d9f3dd3-e85702c/modules/swagger-models/src/main/java/com/wordnik/swagger/models/parameters/Parameter.java;MethodDeclaration
/home/paper219/Desktop/analysis/demonstration/projects/Swagger-core/revisions/rev_1d2404b_b5961ad/rev_1d2404b-b5961ad/modules/swagger-models/src/main/java/com/wordnik/swagger/models/properties/DecimalProperty.java;ImportDeclaration
/home/paper219/Desktop/analysis/demonstration/projects/Swagger-core/revisions/rev_1d2404b_b5961ad/rev_1d2404b-b5961ad/modules/swagger-models/src/main/java/com/wordnik/swagger/models/properties/DecimalProperty.java;MethodDeclaration
/home/paper219/Desktop/analysis/demonstration/projects/Swagger-core/revisions/rev_1d2404b_b5961ad/rev_1d2404b-b5961ad/modules/swagger-models/src/main/java/com/wordnik/swagger/models/properties/RefProperty.java;ImportDeclaration
/home/paper219/Desktop/analysis/demonstration/projects/Swagger-core/revisions/rev_1d2404b_b5961ad/rev_1d2404b-b5961ad/modules/swagger-models/src/main/java/com/wordnik/swagger/models/properties/BooleanProperty.java;ImportDeclaration
/home/paper219/Desktop/analysis/demonstration/projects/Swagger-core/revisions/rev_1d2404b_b5961ad/rev_1d2404b-b5961ad/modules/swagger-models/src/main/java/com/wordnik/swagger/models/properties/BooleanProperty.java;MethodDeclaration
/home/paper219/Desktop/analysis/demonstration/projects/Swagger-core/revisions/rev_1d2404b_b5961ad/rev_1d2404b-b5961ad/modules/swagger-models/src/main/java/com/wordnik/swagger/models/properties/FloatProperty.java;ImportDeclaration
/home/paper219/Desktop/analysis/demonstration/projects/Swagger-core/revisions/rev_1d2404b_b5961ad/rev_1d2404b-b5961ad/modules/swagger-models/src/main/java/com/wordnik/swagger/models/properties/FloatProperty.java;MethodDeclaration
/home/paper219/Desktop/analysis/demonstration/projects/Swagger-core/revisions/rev_1d2404b_b5961ad/rev_1d2404b-b5961ad/modules/swagger-models/src/main/java/com/wordnik/swagger/models/properties/FileProperty.java;ImportDeclaration
/home/paper219/Desktop/analysis/demonstration/projects/Swagger-core/revisions/rev_1d2404b_b5961ad/rev_1d2404b-b5961ad/modules/swagger-models/src/main/java/com/wordnik/swagger/models/properties/FileProperty.java;MethodDeclaration
/home/paper219/Desktop/analysis/demonstration/projects/Swagger-core/revisions/rev_1d2404b_b5961ad/rev_1d2404b-b5961ad/modules/swagger-models/src/main/java/com/wordnik/swagger/models/properties/DateProperty.java;ImportDeclaration
/home/paper219/Desktop/analysis/demonstration/projects/Swagger-core/revisions/rev_1d2404b_b5961ad/rev_1d2404b-b5961ad/modules/swagger-models/src/main/java/com/wordnik/swagger/models/properties/DateProperty.java;MethodDeclaration
/home/paper219/Desktop/analysis/demonstration/projects/Swagger-core/revisions/rev_1d2404b_b5961ad/rev_1d2404b-b5961ad/modules/swagger-models/src/main/java/com/wordnik/swagger/models/properties/UUIDProperty.java;ImportDeclaration
/home/paper219/Desktop/analysis/demonstration/projects/Swagger-core/revisions/rev_1d2404b_b5961ad/rev_1d2404b-b5961ad/modules/swagger-models/src/main/java/com/wordnik/swagger/models/properties/UUIDProperty.java;MethodDeclaration
/home/paper219/Desktop/analysis/demonstration/projects/Swagger-core/revisions/rev_1d2404b_b5961ad/rev_1d2404b-b5961ad/modules/swagger-models/src/main/java/com/wordnik/swagger/models/properties/IntegerProperty.java;ImportDeclaration
/home/paper219/Desktop/analysis/demonstration/projects/Swagger-core/revisions/rev_1d2404b_b5961ad/rev_1d2404b-b5961ad/modules/swagger-models/src/main/java/com/wordnik/swagger/models/properties/IntegerProperty.java;MethodDeclaration
/home/paper219/Desktop/analysis/demonstration/projects/Swagger-core/revisions/rev_1d2404b_b5961ad/rev_1d2404b-b5961ad/modules/swagger-models/src/main/java/com/wordnik/swagger/models/properties/DateTimeProperty.java;ImportDeclaration
/home/paper219/Desktop/analysis/demonstration/projects/Swagger-core/revisions/rev_1d2404b_b5961ad/rev_1d2404b-b5961ad/modules/swagger-models/src/main/java/com/wordnik/swagger/models/properties/DateTimeProperty.java;MethodDeclaration
/home/paper219/Desktop/analysis/demonstration/projects/Swagger-core/revisions/rev_1d2404b_b5961ad/rev_1d2404b-b5961ad/modules/swagger-models/src/main/java/com/wordnik/swagger/models/properties/ObjectProperty.java;ImportDeclaration
/home/paper219/Desktop/analysis/demonstration/projects/Swagger-core/revisions/rev_1d2404b_b5961ad/rev_1d2404b-b5961ad/modules/swagger-models/src/main/java/com/wordnik/swagger/models/properties/ObjectProperty.java;MethodDeclaration
/home/paper219/Desktop/analysis/demonstration/projects/Swagger-core/revisions/rev_1d2404b_b5961ad/rev_1d2404b-b5961ad/modules/swagger-models/src/main/java/com/wordnik/swagger/models/properties/ArrayProperty.java;ImportDeclaration
/home/paper219/Desktop/analysis/demonstration/projects/Swagger-core/revisions/rev_1d2404b_b5961ad/rev_1d2404b-b5961ad/modules/swagger-models/src/main/java/com/wordnik/swagger/models/properties/ArrayProperty.java;MethodDeclaration
/home/paper219/Desktop/analysis/demonstration/projects/Swagger-core/revisions/rev_1d2404b_b5961ad/rev_1d2404b-b5961ad/modules/swagger-models/src/main/java/com/wordnik/swagger/models/properties/LongProperty.java;ImportDeclaration
/home/paper219/Desktop/analysis/demonstration/projects/Swagger-core/revisions/rev_1d2404b_b5961ad/rev_1d2404b-b5961ad/modules/swagger-models/src/main/java/com/wordnik/swagger/models/properties/LongProperty.java;MethodDeclaration
/home/paper219/Desktop/analysis/demonstration/projects/Swagger-core/revisions/rev_1d2404b_b5961ad/rev_1d2404b-b5961ad/modules/swagger-models/src/main/java/com/wordnik/swagger/models/properties/DoubleProperty.java;ImportDeclaration
/home/paper219/Desktop/analysis/demonstration/projects/Swagger-core/revisions/rev_1d2404b_b5961ad/rev_1d2404b-b5961ad/modules/swagger-models/src/main/java/com/wordnik/swagger/models/properties/DoubleProperty.java;MethodDeclaration
/home/paper219/Desktop/analysis/demonstration/projects/Swagger-core/revisions/rev_1d2404b_b5961ad/rev_1d2404b-b5961ad/modules/swagger-models/src/main/java/com/wordnik/swagger/models/properties/StringProperty.java;ImportDeclaration
/home/paper219/Desktop/analysis/demonstration/projects/Swagger-core/revisions/rev_1d2404b_b5961ad/rev_1d2404b-b5961ad/modules/swagger-models/src/main/java/com/wordnik/swagger/models/properties/StringProperty.java;MethodDeclaration
/home/paper219/Desktop/analysis/demonstration/projects/Swagger-core/revisions/rev_1d2404b_b5961ad/rev_1d2404b-b5961ad/modules/swagger-models/src/main/java/com/wordnik/swagger/models/properties/MapProperty.java;ImportDeclaration
/home/paper219/Desktop/analysis/demonstration/projects/Swagger-core/revisions/rev_1d2404b_b5961ad/rev_1d2404b-b5961ad/modules/swagger-models/src/main/java/com/wordnik/swagger/models/properties/MapProperty.java;MethodDeclaration
/home/paper219/Desktop/analysis/demonstration/projects/Swagger-core/revisions/rev_279a695_e9ac84a/rev_279a695-e9ac84a/modules/swagger-annotations/src/main/java/com/wordnik/swagger/annotations/ApiImplicitParam.java;ImportDeclaration
/home/paper219/Desktop/analysis/demonstration/projects/Swagger-core/revisions/rev_279a695_e9ac84a/rev_279a695-e9ac84a/modules/swagger-annotations/src/main/java/com/wordnik/swagger/annotations/ApiImplicitParams.java;ImportDeclaration
/home/paper219/Desktop/analysis/demonstration/projects/Swagger-core/revisions/rev_279a695_e9ac84a/rev_279a695-e9ac84a/modules/swagger-annotations/src/main/java/com/wordnik/swagger/annotations/ApiModel.java;ImportDeclaration
/home/paper219/Desktop/analysis/demonstration/projects/Swagger-core/revisions/rev_279a695_e9ac84a/rev_279a695-e9ac84a/modules/swagger-annotations/src/main/java/com/wordnik/swagger/annotations/Api.java;ImportDeclaration
/home/paper219/Desktop/analysis/demonstration/projects/Swagger-core/revisions/rev_605180e_b7719ea/rev_605180e-b7719ea/modules/swagger-jaxrs/src/main/java/com/wordnik/swagger/jaxrs/Reader.java;ImportDeclaration
/home/paper219/Desktop/analysis/demonstration/projects/Swagger-core/revisions/rev_c784806_eaf37e8/rev_c784806-eaf37e8/modules/swagger-jaxrs/src/main/java/com/wordnik/swagger/jaxrs/Reader.java;FieldDeclaration
/home/paper219/Desktop/analysis/demonstration/projects/Swagger-core/revisions/rev_c784806_eaf37e8/rev_c784806-eaf37e8/modules/swagger-jaxrs/src/main/java/com/wordnik/swagger/jaxrs/Reader.java;FieldDeclaration
/home/paper219/Desktop/analysis/demonstration/projects/Swagger-core/revisions/rev_c784806_eaf37e8/rev_c784806-eaf37e8/modules/swagger-jaxrs/src/main/java/com/wordnik/swagger/jaxrs/Reader.java;FieldDeclaration
/home/paper219/Desktop/analysis/demonstration/projects/Swagger-core/revisions/rev_c784806_eaf37e8/rev_c784806-eaf37e8/modules/swagger-jaxrs/src/main/java/com/wordnik/swagger/jaxrs/Reader.java;FieldDeclaration
/home/paper219/Desktop/analysis/demonstration/projects/Swagger-core/revisions/rev_c784806_eaf37e8/rev_c784806-eaf37e8/modules/swagger-jaxrs/src/main/java/com/wordnik/swagger/jaxrs/Reader.java;MethodDeclaration
/home/paper219/Desktop/analysis/demonstration/projects/Swagger-core/revisions/rev_3cd4c90_a084cf6/rev_3cd4c90-a084cf6/modules/swagger-jaxrs/src/main/java/com/wordnik/swagger/jaxrs/Reader.java;FieldDeclaration
/home/paper219/Desktop/analysis/demonstration/projects/Swagger-core/revisions/rev_c497ee8_a4484d4/rev_c497ee8-a4484d4/modules/swagger-jaxrs/src/main/java/com/wordnik/swagger/jaxrs/Reader.java;FieldDeclaration
/home/paper219/Desktop/analysis/demonstration/projects/Swagger-core/revisions/rev_2d26f02_a5ea4f1/rev_2d26f02-a5ea4f1/modules/swagger-jaxrs/src/main/java/com/wordnik/swagger/jaxrs/Reader.java;ImportDeclaration
/home/paper219/Desktop/analysis/demonstration/projects/Swagger-core/revisions/rev_4cc76fb_66d9203/rev_4cc76fb-66d9203/modules/swagger-jaxrs/src/main/java/com/wordnik/swagger/jaxrs/Reader.java;ImportDeclaration
/home/paper219/Desktop/analysis/demonstration/projects/Swagger-core/revisions/rev_4cc76fb_66d9203/rev_4cc76fb-66d9203/modules/swagger-jaxrs/src/main/java/com/wordnik/swagger/jaxrs/ParameterProcessor.java;ImportDeclaration
/home/paper219/Desktop/analysis/demonstration/projects/Swagger-core/revisions/rev_4cc76fb_66d9203/rev_4cc76fb-66d9203/modules/swagger-jaxrs/src/main/java/com/wordnik/swagger/jaxrs/ParameterProcessor.java;FieldDeclaration
/home/paper219/Desktop/analysis/demonstration/projects/Swagger-core/revisions/rev_255f91b_b44b35d/rev_255f91b-b44b35d/modules/swagger-jaxrs/src/main/java/com/wordnik/swagger/jaxrs/Reader.java;ImportDeclaration
/home/paper219/Desktop/analysis/demonstration/projects/Swagger-core/revisions/rev_255f91b_b44b35d/rev_255f91b-b44b35d/modules/swagger-jaxrs/src/main/java/com/wordnik/swagger/jaxrs/Reader.java;MethodDeclaration
/home/paper219/Desktop/analysis/demonstration/projects/Swagger-core/revisions/rev_d1cb707_38673c9/rev_d1cb707-38673c9/modules/swagger-core/src/main/java/io/swagger/core/filter/SpecFilter.java;ImportDeclaration
/home/paper219/Desktop/analysis/demonstration/projects/Swagger-core/revisions/rev_e242269_afdc074/rev_e242269-afdc074/modules/swagger-core/src/main/java/io/swagger/jackson/ModelResolver.java;ImportDeclaration
/home/paper219/Desktop/analysis/demonstration/projects/Swagger-core/revisions/rev_72b588a_0567e01/rev_72b588a-0567e01/modules/swagger-jaxrs/src/main/java/io/swagger/jaxrs/Reader.java;FieldDeclaration
/home/paper219/Desktop/analysis/demonstration/projects/Swagger-core/revisions/rev_72b588a_0567e01/rev_72b588a-0567e01/modules/swagger-jaxrs/src/main/java/io/swagger/jaxrs/utils/ReflectionUtils.java;ImportDeclaration
/home/paper219/Desktop/analysis/demonstration/projects/Swagger-core/revisions/rev_72b588a_0567e01/rev_72b588a-0567e01/modules/swagger-jaxrs/src/main/java/io/swagger/jaxrs/utils/ReflectionUtils.java;ImportDeclaration
/home/paper219/Desktop/analysis/demonstration/projects/Swagger-core/revisions/rev_72b588a_0567e01/rev_72b588a-0567e01/modules/swagger-jaxrs/src/main/java/io/swagger/jaxrs/utils/ReflectionUtils.java;ImportDeclaration
/home/paper219/Desktop/analysis/demonstration/projects/Swagger-core/revisions/rev_72b588a_0567e01/rev_72b588a-0567e01/modules/swagger-jaxrs/src/main/java/io/swagger/jaxrs/utils/ReflectionUtils.java;ImportDeclaration
/home/paper219/Desktop/analysis/demonstration/projects/Swagger-core/revisions/rev_72b588a_0567e01/rev_72b588a-0567e01/modules/swagger-jaxrs/src/main/java/io/swagger/jaxrs/ParameterProcessor.java;ImportDeclaration
/home/paper219/Desktop/analysis/demonstration/projects/Swagger-core/revisions/rev_72b588a_0567e01/rev_72b588a-0567e01/modules/swagger-jaxrs/src/main/java/io/swagger/jaxrs/ParameterProcessor.java;FieldDeclaration
/home/paper219/Desktop/analysis/demonstration/projects/Swagger-core/revisions/rev_72b588a_0567e01/rev_72b588a-0567e01/modules/swagger-jaxrs/src/main/java/io/swagger/jaxrs/ParameterProcessor.java;FieldDeclaration
/home/paper219/Desktop/analysis/demonstration/projects/Swagger-core/revisions/rev_72b588a_0567e01/rev_72b588a-0567e01/modules/swagger-jaxrs/src/test/java/io/swagger/PostParamTest.java;ImportDeclaration
/home/paper219/Desktop/analysis/demonstration/projects/Swagger-core/revisions/rev_72b588a_0567e01/rev_72b588a-0567e01/modules/swagger-jaxrs/src/test/java/io/swagger/PostParamTest.java;ImportDeclaration
/home/paper219/Desktop/analysis/demonstration/projects/Swagger-core/revisions/rev_72b588a_0567e01/rev_72b588a-0567e01/modules/swagger-jaxrs/src/test/java/io/swagger/GenericsTest.java;ImportDeclaration
/home/paper219/Desktop/analysis/demonstration/projects/Swagger-core/revisions/rev_72b588a_0567e01/rev_72b588a-0567e01/modules/swagger-jaxrs/src/test/java/io/swagger/GenericsTest.java;ImportDeclaration
/home/paper219/Desktop/analysis/demonstration/projects/Swagger-core/revisions/rev_72b588a_0567e01/rev_72b588a-0567e01/modules/swagger-jaxrs/src/test/java/io/swagger/GenericsTest.java;ImportDeclaration
/home/paper219/Desktop/analysis/demonstration/projects/Swagger-core/revisions/rev_72b588a_0567e01/rev_72b588a-0567e01/modules/swagger-jaxrs/src/test/java/io/swagger/GenericsTest.java;ImportDeclaration
/home/paper219/Desktop/analysis/demonstration/projects/Swagger-core/revisions/rev_72b588a_0567e01/rev_72b588a-0567e01/modules/swagger-jaxrs/src/test/java/io/swagger/GenericsTest.java;MethodDeclaration
/home/paper219/Desktop/analysis/demonstration/projects/Swagger-core/revisions/rev_72b588a_0567e01/rev_72b588a-0567e01/modules/swagger-jaxrs/src/test/java/io/swagger/ReaderTest.java;ImportDeclaration
/home/paper219/Desktop/analysis/demonstration/projects/Swagger-core/revisions/rev_72b588a_0567e01/rev_72b588a-0567e01/modules/swagger-jaxrs/src/test/java/io/swagger/ReaderTest.java;MethodDeclaration
/home/paper219/Desktop/analysis/demonstration/projects/Swagger-core/revisions/rev_72b588a_0567e01/rev_72b588a-0567e01/modules/swagger-core/src/main/java/io/swagger/util/PropertyDeserializer.java;ImportDeclaration
/home/paper219/Desktop/analysis/demonstration/projects/Swagger-core/revisions/rev_72b588a_0567e01/rev_72b588a-0567e01/modules/swagger-core/src/main/java/io/swagger/util/PropertyDeserializer.java;FieldDeclaration
/home/paper219/Desktop/analysis/demonstration/projects/Swagger-core/revisions/rev_72b588a_0567e01/rev_72b588a-0567e01/modules/swagger-core/src/test/java/io/swagger/ModelSerializerTest.java;ImportDeclaration
/home/paper219/Desktop/analysis/demonstration/projects/Swagger-core/revisions/rev_72b588a_0567e01/rev_72b588a-0567e01/modules/swagger-core/src/test/java/io/swagger/ModelSerializerTest.java;MethodDeclaration
/home/paper219/Desktop/analysis/demonstration/projects/Swagger-core/revisions/rev_72b588a_0567e01/rev_72b588a-0567e01/modules/swagger-core/src/test/java/io/swagger/util/JsonDeserializationTest.java;ImportDeclaration
/home/paper219/Desktop/analysis/demonstration/projects/Swagger-core/revisions/rev_72b588a_0567e01/rev_72b588a-0567e01/modules/swagger-core/src/test/java/io/swagger/ObjectPropertyTest.java;ImportDeclaration
/home/paper219/Desktop/analysis/demonstration/projects/Swagger-core/revisions/rev_72b588a_0567e01/rev_72b588a-0567e01/modules/swagger-core/src/test/java/io/swagger/ObjectPropertyTest.java;ImportDeclaration
/home/paper219/Desktop/analysis/demonstration/projects/Swagger-core/revisions/rev_72b588a_0567e01/rev_72b588a-0567e01/modules/swagger-core/src/test/java/io/swagger/ObjectPropertyTest.java;ImportDeclaration
/home/paper219/Desktop/analysis/demonstration/projects/Swagger-core/revisions/rev_72b588a_0567e01/rev_72b588a-0567e01/modules/swagger-models/src/main/java/io/swagger/models/properties/DecimalProperty.java;ImportDeclaration
/home/paper219/Desktop/analysis/demonstration/projects/Swagger-core/revisions/rev_72b588a_0567e01/rev_72b588a-0567e01/modules/swagger-models/src/main/java/io/swagger/models/properties/FloatProperty.java;ImportDeclaration
/home/paper219/Desktop/analysis/demonstration/projects/Swagger-core/revisions/rev_72b588a_0567e01/rev_72b588a-0567e01/modules/swagger-models/src/main/java/io/swagger/models/properties/FloatProperty.java;FieldDeclaration
/home/paper219/Desktop/analysis/demonstration/projects/Swagger-core/revisions/rev_72b588a_0567e01/rev_72b588a-0567e01/modules/swagger-models/src/main/java/io/swagger/models/properties/FloatProperty.java;MethodDeclaration
/home/paper219/Desktop/analysis/demonstration/projects/Swagger-core/revisions/rev_72b588a_0567e01/rev_72b588a-0567e01/modules/swagger-models/src/main/java/io/swagger/models/properties/FloatProperty.java;MethodDeclaration
/home/paper219/Desktop/analysis/demonstration/projects/Swagger-core/revisions/rev_72b588a_0567e01/rev_72b588a-0567e01/modules/swagger-models/src/main/java/io/swagger/models/properties/DateProperty.java;ImportDeclaration
/home/paper219/Desktop/analysis/demonstration/projects/Swagger-core/revisions/rev_72b588a_0567e01/rev_72b588a-0567e01/modules/swagger-models/src/main/java/io/swagger/models/properties/DateProperty.java;FieldDeclaration
/home/paper219/Desktop/analysis/demonstration/projects/Swagger-core/revisions/rev_72b588a_0567e01/rev_72b588a-0567e01/modules/swagger-models/src/main/java/io/swagger/models/properties/DateProperty.java;MethodDeclaration
/home/paper219/Desktop/analysis/demonstration/projects/Swagger-core/revisions/rev_72b588a_0567e01/rev_72b588a-0567e01/modules/swagger-models/src/main/java/io/swagger/models/properties/DateProperty.java;MethodDeclaration
/home/paper219/Desktop/analysis/demonstration/projects/Swagger-core/revisions/rev_72b588a_0567e01/rev_72b588a-0567e01/modules/swagger-models/src/main/java/io/swagger/models/properties/UUIDProperty.java;ImportDeclaration
/home/paper219/Desktop/analysis/demonstration/projects/Swagger-core/revisions/rev_72b588a_0567e01/rev_72b588a-0567e01/modules/swagger-models/src/main/java/io/swagger/models/properties/UUIDProperty.java;MethodDeclaration
/home/paper219/Desktop/analysis/demonstration/projects/Swagger-core/revisions/rev_72b588a_0567e01/rev_72b588a-0567e01/modules/swagger-models/src/main/java/io/swagger/models/properties/UUIDProperty.java;MethodDeclaration
/home/paper219/Desktop/analysis/demonstration/projects/Swagger-core/revisions/rev_72b588a_0567e01/rev_72b588a-0567e01/modules/swagger-models/src/main/java/io/swagger/models/properties/IntegerProperty.java;ImportDeclaration
/home/paper219/Desktop/analysis/demonstration/projects/Swagger-core/revisions/rev_72b588a_0567e01/rev_72b588a-0567e01/modules/swagger-models/src/main/java/io/swagger/models/properties/IntegerProperty.java;FieldDeclaration
/home/paper219/Desktop/analysis/demonstration/projects/Swagger-core/revisions/rev_72b588a_0567e01/rev_72b588a-0567e01/modules/swagger-models/src/main/java/io/swagger/models/properties/IntegerProperty.java;MethodDeclaration
/home/paper219/Desktop/analysis/demonstration/projects/Swagger-core/revisions/rev_72b588a_0567e01/rev_72b588a-0567e01/modules/swagger-models/src/main/java/io/swagger/models/properties/IntegerProperty.java;MethodDeclaration
/home/paper219/Desktop/analysis/demonstration/projects/Swagger-core/revisions/rev_72b588a_0567e01/rev_72b588a-0567e01/modules/swagger-models/src/main/java/io/swagger/models/properties/DateTimeProperty.java;ImportDeclaration
/home/paper219/Desktop/analysis/demonstration/projects/Swagger-core/revisions/rev_72b588a_0567e01/rev_72b588a-0567e01/modules/swagger-models/src/main/java/io/swagger/models/properties/DateTimeProperty.java;FieldDeclaration
/home/paper219/Desktop/analysis/demonstration/projects/Swagger-core/revisions/rev_72b588a_0567e01/rev_72b588a-0567e01/modules/swagger-models/src/main/java/io/swagger/models/properties/DateTimeProperty.java;MethodDeclaration
/home/paper219/Desktop/analysis/demonstration/projects/Swagger-core/revisions/rev_72b588a_0567e01/rev_72b588a-0567e01/modules/swagger-models/src/main/java/io/swagger/models/properties/DateTimeProperty.java;MethodDeclaration
/home/paper219/Desktop/analysis/demonstration/projects/Swagger-core/revisions/rev_72b588a_0567e01/rev_72b588a-0567e01/modules/swagger-models/src/main/java/io/swagger/models/properties/EmailProperty.java;ImportDeclaration
/home/paper219/Desktop/analysis/demonstration/projects/Swagger-core/revisions/rev_72b588a_0567e01/rev_72b588a-0567e01/modules/swagger-models/src/main/java/io/swagger/models/properties/EmailProperty.java;MethodDeclaration
/home/paper219/Desktop/analysis/demonstration/projects/Swagger-core/revisions/rev_72b588a_0567e01/rev_72b588a-0567e01/modules/swagger-models/src/main/java/io/swagger/models/properties/EmailProperty.java;MethodDeclaration
/home/paper219/Desktop/analysis/demonstration/projects/Swagger-core/revisions/rev_72b588a_0567e01/rev_72b588a-0567e01/modules/swagger-models/src/main/java/io/swagger/models/properties/LongProperty.java;ImportDeclaration
/home/paper219/Desktop/analysis/demonstration/projects/Swagger-core/revisions/rev_72b588a_0567e01/rev_72b588a-0567e01/modules/swagger-models/src/main/java/io/swagger/models/properties/LongProperty.java;FieldDeclaration
/home/paper219/Desktop/analysis/demonstration/projects/Swagger-core/revisions/rev_72b588a_0567e01/rev_72b588a-0567e01/modules/swagger-models/src/main/java/io/swagger/models/properties/LongProperty.java;MethodDeclaration
/home/paper219/Desktop/analysis/demonstration/projects/Swagger-core/revisions/rev_72b588a_0567e01/rev_72b588a-0567e01/modules/swagger-models/src/main/java/io/swagger/models/properties/LongProperty.java;MethodDeclaration
/home/paper219/Desktop/analysis/demonstration/projects/Swagger-core/revisions/rev_72b588a_0567e01/rev_72b588a-0567e01/modules/swagger-models/src/main/java/io/swagger/models/properties/DoubleProperty.java;ImportDeclaration
/home/paper219/Desktop/analysis/demonstration/projects/Swagger-core/revisions/rev_72b588a_0567e01/rev_72b588a-0567e01/modules/swagger-models/src/main/java/io/swagger/models/properties/DoubleProperty.java;FieldDeclaration
/home/paper219/Desktop/analysis/demonstration/projects/Swagger-core/revisions/rev_72b588a_0567e01/rev_72b588a-0567e01/modules/swagger-models/src/main/java/io/swagger/models/properties/DoubleProperty.java;MethodDeclaration
/home/paper219/Desktop/analysis/demonstration/projects/Swagger-core/revisions/rev_72b588a_0567e01/rev_72b588a-0567e01/modules/swagger-models/src/main/java/io/swagger/models/properties/DoubleProperty.java;MethodDeclaration
/home/paper219/Desktop/analysis/demonstration/projects/Swagger-core/revisions/rev_72b588a_0567e01/rev_72b588a-0567e01/modules/swagger-models/src/main/java/io/swagger/models/ComposedModel.java;MethodDeclaration
/home/paper219/Desktop/analysis/demonstration/projects/Swagger-core/revisions/rev_72b588a_0567e01/rev_72b588a-0567e01/modules/swagger-jersey2-jaxrs/src/main/java/io/swagger/jersey/SwaggerJersey2Jaxrs.java;ImportDeclaration
/home/paper219/Desktop/analysis/demonstration/projects/Swagger-core/revisions/rev_72b588a_0567e01/rev_72b588a-0567e01/modules/swagger-jersey2-jaxrs/src/main/java/io/swagger/jersey/SwaggerJersey2Jaxrs.java;ImportDeclaration
/home/paper219/Desktop/analysis/demonstration/projects/Swagger-core/revisions/rev_72b588a_0567e01/rev_72b588a-0567e01/modules/swagger-jersey2-jaxrs/src/main/java/io/swagger/jersey/SwaggerJersey2Jaxrs.java;ImportDeclaration
/home/paper219/Desktop/analysis/demonstration/projects/Swagger-core/revisions/rev_72b588a_0567e01/rev_72b588a-0567e01/modules/swagger-jersey2-jaxrs/src/main/java/io/swagger/jersey/SwaggerJersey2Jaxrs.java;MethodDeclaration
/home/paper219/Desktop/analysis/demonstration/projects/Swagger-core/revisions/rev_72b588a_0567e01/rev_72b588a-0567e01/modules/swagger-jersey2-jaxrs/src/test/java/io/swagger/SwaggerJersey2JaxrsTest.java;ImportDeclaration
/home/paper219/Desktop/analysis/demonstration/projects/Swagger-core/revisions/rev_72b588a_0567e01/rev_72b588a-0567e01/modules/swagger-jersey2-jaxrs/src/test/java/io/swagger/SwaggerJersey2JaxrsTest.java;MethodDeclaration
/home/paper219/Desktop/analysis/demonstration/projects/Swagger-core/revisions/rev_6de2d16_6f801c0/rev_6de2d16-6f801c0/modules/swagger-models/src/main/java/io/swagger/models/Operation.java;MethodDeclaration
/home/paper219/Desktop/analysis/demonstration/projects/Swagger-core/revisions/rev_d2ba90b_788343b/rev_d2ba90b-788343b/modules/swagger-core/src/main/java/io/swagger/jackson/ModelResolver.java;ImportDeclaration
/home/paper219/Desktop/analysis/demonstration/projects/Swagger-core/revisions/rev_d2ba90b_788343b/rev_d2ba90b-788343b/modules/swagger-core/src/main/java/io/swagger/jackson/ModelResolver.java;ImportDeclaration
/home/paper219/Desktop/analysis/demonstration/projects/Swagger-core/revisions/rev_d2ba90b_788343b/rev_d2ba90b-788343b/modules/swagger-core/src/main/java/io/swagger/jackson/ModelResolver.java;ImportDeclaration
/home/paper219/Desktop/analysis/demonstration/projects/Swagger-core/revisions/rev_d2ba90b_788343b/rev_d2ba90b-788343b/modules/swagger-core/src/main/java/io/swagger/jackson/ModelResolver.java;ImportDeclaration
/home/paper219/Desktop/analysis/demonstration/projects/Swagger-core/revisions/rev_ba73b01_b51406c/rev_ba73b01-b51406c/modules/swagger-core/src/test/java/io/swagger/util/JsonDeserializationTest.java;ImportDeclaration
/home/paper219/Desktop/analysis/demonstration/projects/Swagger-core/revisions/rev_24eb6a9_4e7a777/rev_24eb6a9-4e7a777/modules/swagger-core/src/main/java/io/swagger/util/ParameterProcessor.java;MethodDeclaration
/home/paper219/Desktop/analysis/demonstration/projects/Swagger-core/revisions/rev_0e26b71_5437741/rev_0e26b71-5437741/modules/swagger-models/src/main/java/io/swagger/models/ExternalDocs.java;FieldDeclaration
/home/paper219/Desktop/analysis/demonstration/projects/Swagger-core/revisions/rev_0e26b71_5437741/rev_0e26b71-5437741/modules/swagger-models/src/main/java/io/swagger/models/AbstractModel.java;FieldDeclaration
/home/paper219/Desktop/analysis/demonstration/projects/Swagger-core/revisions/rev_0e26b71_5437741/rev_0e26b71-5437741/modules/swagger-models/src/main/java/io/swagger/models/Path.java;FieldDeclaration
/home/paper219/Desktop/analysis/demonstration/projects/Swagger-core/revisions/rev_0e26b71_5437741/rev_0e26b71-5437741/modules/swagger-models/src/main/java/io/swagger/models/parameters/AbstractParameter.java;FieldDeclaration
/home/paper219/Desktop/analysis/demonstration/projects/Swagger-core/revisions/rev_0e26b71_5437741/rev_0e26b71-5437741/modules/swagger-models/src/main/java/io/swagger/models/License.java;FieldDeclaration
/home/paper219/Desktop/analysis/demonstration/projects/Swagger-core/revisions/rev_0e26b71_5437741/rev_0e26b71-5437741/modules/swagger-models/src/main/java/io/swagger/models/auth/AbstractSecuritySchemeDefinition.java;FieldDeclaration
/home/paper219/Desktop/analysis/demonstration/projects/Swagger-core/revisions/rev_0e26b71_5437741/rev_0e26b71-5437741/modules/swagger-models/src/main/java/io/swagger/models/properties/AbstractProperty.java;FieldDeclaration
/home/paper219/Desktop/analysis/demonstration/projects/Swagger-core/revisions/rev_0e26b71_5437741/rev_0e26b71-5437741/modules/swagger-models/src/main/java/io/swagger/models/Operation.java;FieldDeclaration
/home/paper219/Desktop/analysis/demonstration/projects/Swagger-core/revisions/rev_0e26b71_5437741/rev_0e26b71-5437741/modules/swagger-models/src/main/java/io/swagger/models/Tag.java;FieldDeclaration
/home/paper219/Desktop/analysis/demonstration/projects/Swagger-core/revisions/rev_0e26b71_5437741/rev_0e26b71-5437741/modules/swagger-models/src/main/java/io/swagger/models/Response.java;FieldDeclaration
/home/paper219/Desktop/analysis/demonstration/projects/Swagger-core/revisions/rev_84c80ba_f95e775/rev_84c80ba-f95e775/modules/swagger-core/src/main/java/io/swagger/util/PropertyDeserializer.java;ImportDeclaration
/home/paper219/Desktop/analysis/demonstration/projects/Swagger-core/revisions/rev_d6f87d1_9a6cf32/rev_d6f87d1-9a6cf32/modules/swagger-core/src/main/java/io/swagger/jackson/ModelResolver.java;ImportDeclaration
/home/paper219/Desktop/analysis/demonstration/projects/Swagger-core/revisions/rev_d6f87d1_9a6cf32/rev_d6f87d1-9a6cf32/modules/swagger-core/src/main/java/io/swagger/jackson/ModelResolver.java;ImportDeclaration
/home/paper219/Desktop/analysis/demonstration/projects/Swagger-core/revisions/rev_d6f87d1_9a6cf32/rev_d6f87d1-9a6cf32/modules/swagger-core/src/main/java/io/swagger/jackson/ModelResolver.java;ImportDeclaration
/home/paper219/Desktop/analysis/demonstration/projects/Swagger-core/revisions/rev_d6f87d1_9a6cf32/rev_d6f87d1-9a6cf32/modules/swagger-core/src/main/java/io/swagger/jackson/ModelResolver.java;ImportDeclaration
/home/paper219/Desktop/analysis/demonstration/projects/Swagger-core/revisions/rev_e661e1a_9a6cf32/rev_e661e1a-9a6cf32/modules/swagger-core/src/main/java/io/swagger/util/ReflectionUtils.java;ImportDeclaration
/home/paper219/Desktop/analysis/demonstration/projects/Swagger-core/revisions/rev_e661e1a_9a6cf32/rev_e661e1a-9a6cf32/modules/swagger-core/src/main/java/io/swagger/util/ReflectionUtils.java;ImportDeclaration
/home/paper219/Desktop/analysis/demonstration/projects/truth/revisions/rev_d976c7e_8244a00/rev_d976c7e-8244a00/src/main/java/org/junit/contrib/truth/TestVerb.java;ImportDeclaration
/home/paper219/Desktop/analysis/demonstration/projects/servo/revisions/rev_456b170_980af43/rev_456b170-980af43/servo-cloudwatch/src/main/java/com/netflix/servo/aws/AwsInjectableTag.java;ImportDeclaration
/home/paper219/Desktop/analysis/demonstration/projects/truth/revisions/rev_46f8c84_59b6817/rev_46f8c84-59b6817/src/test/java/org/junit/contrib/truth/ExpectTest.java;ImportDeclaration
/home/paper219/Desktop/analysis/demonstration/projects/truth/revisions/rev_46f8c84_59b6817/rev_46f8c84-59b6817/src/test/java/org/junit/contrib/truth/AllTests.java;ImportDeclaration
/home/paper219/Desktop/analysis/demonstration/projects/truth/revisions/rev_d7a2ff6_db7ed46/rev_d7a2ff6-db7ed46/src/main/java/org/junit/contrib/truth/TestVerb.java;ImportDeclaration
/home/paper219/Desktop/analysis/demonstration/projects/truth/revisions/rev_d7a2ff6_db7ed46/rev_d7a2ff6-db7ed46/src/main/java/org/junit/contrib/truth/TestVerb.java;ImportDeclaration
/home/paper219/Desktop/analysis/demonstration/projects/truth/revisions/rev_d7a2ff6_db7ed46/rev_d7a2ff6-db7ed46/src/main/java/org/junit/contrib/truth/subjects/CollectionSubject.java;ImportDeclaration
/home/paper219/Desktop/analysis/demonstration/projects/truth/revisions/rev_d7a2ff6_db7ed46/rev_d7a2ff6-db7ed46/src/main/java/org/junit/contrib/truth/subjects/ListSubject.java;ImportDeclaration
/home/paper219/Desktop/analysis/demonstration/projects/servo/revisions/rev_ce59b53_1084df7/rev_ce59b53-1084df7/servo-core/src/main/java/com/netflix/servo/examples/JvmMetricExample.java;ImportDeclaration
/home/paper219/Desktop/analysis/demonstration/projects/servo/revisions/rev_ce59b53_1084df7/rev_ce59b53-1084df7/servo-core/src/main/java/com/netflix/servo/examples/JvmMetricExample.java;FieldDeclaration
/home/paper219/Desktop/analysis/demonstration/projects/servo/revisions/rev_ce59b53_1084df7/rev_ce59b53-1084df7/servo-core/src/main/java/com/netflix/servo/examples/JvmMetricExample.java;FieldDeclaration
/home/paper219/Desktop/analysis/demonstration/projects/servo/revisions/rev_ce59b53_1084df7/rev_ce59b53-1084df7/servo-core/src/main/java/com/netflix/servo/annotations/AnnotatedObject.java;ImportDeclaration
/home/paper219/Desktop/analysis/demonstration/projects/servo/revisions/rev_bfaf34a_bab4692/rev_bfaf34a-bab4692/servo-core/src/main/java/com/netflix/servo/examples/package-info.java;PackageDeclaration
/home/paper219/Desktop/analysis/demonstration/projects/servo/revisions/rev_bfaf34a_bab4692/rev_bfaf34a-bab4692/servo-core/src/main/java/com/netflix/servo/annotations/AnnotatedObject.java;ImportDeclaration
/home/paper219/Desktop/analysis/demonstration/projects/servo/revisions/rev_bfaf34a_bab4692/rev_bfaf34a-bab4692/servo-core/src/main/java/com/netflix/servo/annotations/AnnotatedObject.java;ImportDeclaration
/home/paper219/Desktop/analysis/demonstration/projects/servo/revisions/rev_bfaf34a_bab4692/rev_bfaf34a-bab4692/servo-core/src/main/java/com/netflix/servo/annotations/AnnotatedObject.java;FieldDeclaration
/home/paper219/Desktop/analysis/demonstration/projects/servo/revisions/rev_bfaf34a_bab4692/rev_bfaf34a-bab4692/servo-core/src/main/java/com/netflix/servo/publish/MonitorRegistryMetricPoller.java;ImportDeclaration
/home/paper219/Desktop/analysis/demonstration/projects/servo/revisions/rev_bfaf34a_bab4692/rev_bfaf34a-bab4692/servo-core/src/main/java/com/netflix/servo/publish/MonitorRegistryMetricPoller.java;FieldDeclaration
/home/paper219/Desktop/analysis/demonstration/projects/servo/revisions/rev_bfaf34a_bab4692/rev_bfaf34a-bab4692/servo-core/src/test/java/com/netflix/servo/annotations/AnnotationUtilsTest.java;MethodDeclaration
/home/paper219/Desktop/analysis/demonstration/projects/servo/revisions/rev_bfaf34a_bab4692/rev_bfaf34a-bab4692/servo-core/src/test/java/com/netflix/servo/publish/MonitorRegistryMetricPollerTest.java;ImportDeclaration
/home/paper219/Desktop/analysis/demonstration/projects/truth/revisions/rev_2bb82ca_2bd108d/rev_2bb82ca-2bd108d/src/test/java/org/junit/contrib/truth/IterableTest.java;ImportDeclaration
/home/paper219/Desktop/analysis/demonstration/projects/truth/revisions/rev_2bb82ca_2bd108d/rev_2bb82ca-2bd108d/src/test/java/org/junit/contrib/truth/IterableTest.java;MethodDeclaration
/home/paper219/Desktop/analysis/demonstration/projects/graphql-java/revisions/rev_9d94784_8f1681d/rev_9d94784-8f1681d/src/main/java/graphql/execution/ExecutionContext.java;ImportDeclaration
/home/paper219/Desktop/analysis/demonstration/projects/graphql-java/revisions/rev_9d94784_8f1681d/rev_9d94784-8f1681d/src/main/java/graphql/execution/ExecutionContext.java;FieldDeclaration
/home/paper219/Desktop/analysis/demonstration/projects/graphql-java/revisions/rev_9d94784_8f1681d/rev_9d94784-8f1681d/src/main/java/graphql/execution/Execution.java;FieldDeclaration
/home/paper219/Desktop/analysis/demonstration/projects/graphql-java/revisions/rev_9d94784_8f1681d/rev_9d94784-8f1681d/src/main/java/graphql/execution/Execution.java;FieldDeclaration
/home/paper219/Desktop/analysis/demonstration/projects/graphql-java/revisions/rev_9d94784_8f1681d/rev_9d94784-8f1681d/src/main/java/graphql/GraphQL.java;FieldDeclaration
/home/paper219/Desktop/analysis/demonstration/projects/truth/revisions/rev_8500eec_9a4585e/rev_8500eec-9a4585e/src/main/java/org/junit/contrib/truth/subjects/Subject.java;FieldDeclaration
/home/paper219/Desktop/analysis/demonstration/projects/graphql-java/revisions/rev_56eb2a7_b20ae0a/rev_56eb2a7-b20ae0a/src/main/java/graphql/GraphQL.java;ImportDeclaration
/home/paper219/Desktop/analysis/demonstration/projects/graphql-java/revisions/rev_56eb2a7_b20ae0a/rev_56eb2a7-b20ae0a/src/main/java/graphql/GraphQL.java;FieldDeclaration
/home/paper219/Desktop/analysis/demonstration/projects/graphql-java/revisions/rev_c9212bb_b20ae0a/rev_c9212bb-b20ae0a/src/main/java/graphql/GraphQL.java;ImportDeclaration
/home/paper219/Desktop/analysis/demonstration/projects/graphql-java/revisions/rev_50fd10b_f493a19/rev_50fd10b-f493a19/src/main/java/graphql/GraphQL.java;ImportDeclaration
/home/paper219/Desktop/analysis/demonstration/projects/graphql-java/revisions/rev_a48f27d_5e9f899/rev_a48f27d-5e9f899/src/main/java/graphql/GraphQL.java;FieldDeclaration
/home/paper219/Desktop/analysis/demonstration/projects/graphql-java/revisions/rev_a48f27d_5e9f899/rev_a48f27d-5e9f899/src/main/java/graphql/GraphQL.java;MethodDeclaration
/home/paper219/Desktop/analysis/demonstration/projects/truth/revisions/rev_022e37b_f1a5ce4/rev_022e37b-f1a5ce4/core/src/main/java/org/truth0/subjects/Subject.java;ImportDeclaration
/home/paper219/Desktop/analysis/demonstration/projects/truth/revisions/rev_022e37b_f1a5ce4/rev_022e37b-f1a5ce4/core/src/main/java/org/truth0/subjects/Subject.java;ImportDeclaration
/home/paper219/Desktop/analysis/demonstration/projects/graphql-java/revisions/rev_43abaef_62ab848/rev_43abaef-62ab848/src/main/java/graphql/GraphQL.java;FieldDeclaration
/home/paper219/Desktop/analysis/demonstration/projects/graphql-java/revisions/rev_43abaef_62ab848/rev_43abaef-62ab848/src/main/java/graphql/GraphQL.java;FieldDeclaration
/home/paper219/Desktop/analysis/demonstration/projects/graphql-java/revisions/rev_43abaef_62ab848/rev_43abaef-62ab848/src/main/java/graphql/GraphQL.java;FieldDeclaration
/home/paper219/Desktop/analysis/demonstration/projects/graphql-java/revisions/rev_43abaef_62ab848/rev_43abaef-62ab848/src/main/java/graphql/GraphQL.java;MethodDeclaration
/home/paper219/Desktop/analysis/demonstration/projects/graphql-java/revisions/rev_43abaef_62ab848/rev_43abaef-62ab848/src/main/java/graphql/introspection/Introspection.java;ImportDeclaration
/home/paper219/Desktop/analysis/demonstration/projects/graphql-java/revisions/rev_43abaef_62ab848/rev_43abaef-62ab848/src/main/java/graphql/introspection/Introspection.java;ImportDeclaration
/home/paper219/Desktop/analysis/demonstration/projects/graphql-java/revisions/rev_43abaef_62ab848/rev_43abaef-62ab848/src/main/java/graphql/introspection/Introspection.java;FieldDeclaration
/home/paper219/Desktop/analysis/demonstration/projects/graphql-java/revisions/rev_43abaef_62ab848/rev_43abaef-62ab848/src/main/java/graphql/introspection/Introspection.java;FieldDeclaration
/home/paper219/Desktop/analysis/demonstration/projects/graphql-java/revisions/rev_43abaef_62ab848/rev_43abaef-62ab848/src/main/java/graphql/introspection/Introspection.java;FieldDeclaration
/home/paper219/Desktop/analysis/demonstration/projects/graphql-java/revisions/rev_43abaef_62ab848/rev_43abaef-62ab848/src/main/java/graphql/introspection/Introspection.java;FieldDeclaration
/home/paper219/Desktop/analysis/demonstration/projects/graphql-java/revisions/rev_43abaef_62ab848/rev_43abaef-62ab848/src/main/java/graphql/introspection/Introspection.java;FieldDeclaration
/home/paper219/Desktop/analysis/demonstration/projects/graphql-java/revisions/rev_43abaef_62ab848/rev_43abaef-62ab848/src/main/java/graphql/introspection/Introspection.java;FieldDeclaration
/home/paper219/Desktop/analysis/demonstration/projects/graphql-java/revisions/rev_43abaef_62ab848/rev_43abaef-62ab848/src/main/java/graphql/introspection/Introspection.java;FieldDeclaration
/home/paper219/Desktop/analysis/demonstration/projects/graphql-java/revisions/rev_43abaef_62ab848/rev_43abaef-62ab848/src/main/java/graphql/introspection/Introspection.java;FieldDeclaration
/home/paper219/Desktop/analysis/demonstration/projects/graphql-java/revisions/rev_43abaef_62ab848/rev_43abaef-62ab848/src/main/java/graphql/introspection/Introspection.java;FieldDeclaration
/home/paper219/Desktop/analysis/demonstration/projects/graphql-java/revisions/rev_43abaef_62ab848/rev_43abaef-62ab848/src/main/java/graphql/introspection/Introspection.java;FieldDeclaration
/home/paper219/Desktop/analysis/demonstration/projects/graphql-java/revisions/rev_43abaef_62ab848/rev_43abaef-62ab848/src/main/java/graphql/introspection/Introspection.java;FieldDeclaration
/home/paper219/Desktop/analysis/demonstration/projects/graphql-java/revisions/rev_43abaef_62ab848/rev_43abaef-62ab848/src/main/java/graphql/schema/Coercing.java;MethodDeclaration
/home/paper219/Desktop/analysis/demonstration/projects/graphql-java/revisions/rev_43abaef_62ab848/rev_43abaef-62ab848/src/main/java/graphql/schema/Coercing.java;MethodDeclaration
/home/paper219/Desktop/analysis/demonstration/projects/graphql-java/revisions/rev_43abaef_62ab848/rev_43abaef-62ab848/src/main/java/graphql/schema/Coercing.java;MethodDeclaration
/home/paper219/Desktop/analysis/demonstration/projects/graphql-java/revisions/rev_43abaef_62ab848/rev_43abaef-62ab848/src/main/java/graphql/relay/SimpleListConnection.java;FieldDeclaration
/home/paper219/Desktop/analysis/demonstration/projects/graphql-java/revisions/rev_43abaef_62ab848/rev_43abaef-62ab848/src/main/java/graphql/relay/SimpleListConnection.java;FieldDeclaration
/home/paper219/Desktop/analysis/demonstration/projects/graphql-java/revisions/rev_43abaef_62ab848/rev_43abaef-62ab848/src/main/java/graphql/relay/SimpleListConnection.java;FieldDeclaration
/home/paper219/Desktop/analysis/demonstration/projects/graphql-java/revisions/rev_43abaef_62ab848/rev_43abaef-62ab848/src/main/java/graphql/relay/Connection.java;ImportDeclaration
/home/paper219/Desktop/analysis/demonstration/projects/graphql-java/revisions/rev_43abaef_62ab848/rev_43abaef-62ab848/src/main/java/graphql/relay/Connection.java;MethodDeclaration
/home/paper219/Desktop/analysis/demonstration/projects/graphql-java/revisions/rev_43abaef_62ab848/rev_43abaef-62ab848/src/main/java/graphql/relay/Connection.java;MethodDeclaration
/home/paper219/Desktop/analysis/demonstration/projects/graphql-java/revisions/rev_43abaef_62ab848/rev_43abaef-62ab848/src/main/java/graphql/relay/Connection.java;MethodDeclaration
/home/paper219/Desktop/analysis/demonstration/projects/graphql-java/revisions/rev_43abaef_62ab848/rev_43abaef-62ab848/src/main/java/graphql/relay/Edge.java;ConstructorDeclaration
/home/paper219/Desktop/analysis/demonstration/projects/graphql-java/revisions/rev_43abaef_62ab848/rev_43abaef-62ab848/src/test/groovy/readme/ReadmeExamples.java;ImportDeclaration
/home/paper219/Desktop/analysis/demonstration/projects/graphql-java/revisions/rev_43abaef_62ab848/rev_43abaef-62ab848/src/test/groovy/readme/ReadmeExamples.java;ImportDeclaration
/home/paper219/Desktop/analysis/demonstration/projects/graphql-java/revisions/rev_43abaef_62ab848/rev_43abaef-62ab848/src/test/groovy/graphql/StarWarsSchema.java;ImportDeclaration
/home/paper219/Desktop/analysis/demonstration/projects/servo/revisions/rev_e4ff63b_ce61863/rev_e4ff63b-ce61863/servo-core/src/main/java/com/netflix/servo/examples/EchoServerExample.java;FieldDeclaration
/home/paper219/Desktop/analysis/demonstration/projects/servo/revisions/rev_e4ff63b_ce61863/rev_e4ff63b-ce61863/servo-core/src/main/java/com/netflix/servo/examples/EchoServerExample.java;FieldDeclaration
/home/paper219/Desktop/analysis/demonstration/projects/servo/revisions/rev_e4ff63b_ce61863/rev_e4ff63b-ce61863/servo-core/src/main/java/com/netflix/servo/DefaultMonitorRegistry.java;FieldDeclaration
/home/paper219/Desktop/analysis/demonstration/projects/servo/revisions/rev_e4ff63b_ce61863/rev_e4ff63b-ce61863/servo-core/src/main/java/com/netflix/servo/monitor/Monitors.java;FieldDeclaration
/home/paper219/Desktop/analysis/demonstration/projects/servo/revisions/rev_e4ff63b_ce61863/rev_e4ff63b-ce61863/servo-core/src/main/java/com/netflix/servo/monitor/DefaultPublishingPolicy.java;FieldDeclaration
/home/paper219/Desktop/analysis/demonstration/projects/servo/revisions/rev_e4ff63b_ce61863/rev_e4ff63b-ce61863/servo-core/src/main/java/com/netflix/servo/monitor/MinGauge.java;FieldDeclaration
/home/paper219/Desktop/analysis/demonstration/projects/servo/revisions/rev_e4ff63b_ce61863/rev_e4ff63b-ce61863/servo-core/src/main/java/com/netflix/servo/monitor/MaxGauge.java;FieldDeclaration
/home/paper219/Desktop/analysis/demonstration/projects/servo/revisions/rev_e4ff63b_ce61863/rev_e4ff63b-ce61863/servo-core/src/main/java/com/netflix/servo/monitor/BasicStopwatch.java;FieldDeclaration
/home/paper219/Desktop/analysis/demonstration/projects/servo/revisions/rev_e4ff63b_ce61863/rev_e4ff63b-ce61863/servo-core/src/main/java/com/netflix/servo/monitor/AnnotatedStringMonitor.java;FieldDeclaration
/home/paper219/Desktop/analysis/demonstration/projects/servo/revisions/rev_e4ff63b_ce61863/rev_e4ff63b-ce61863/servo-core/src/main/java/com/netflix/servo/jmx/JmxMonitorRegistry.java;ImportDeclaration
/home/paper219/Desktop/analysis/demonstration/projects/servo/revisions/rev_e4ff63b_ce61863/rev_e4ff63b-ce61863/servo-core/src/main/java/com/netflix/servo/jmx/JmxMonitorRegistry.java;ImportDeclaration
/home/paper219/Desktop/analysis/demonstration/projects/servo/revisions/rev_e4ff63b_ce61863/rev_e4ff63b-ce61863/servo-core/src/main/java/com/netflix/servo/jmx/JmxMonitorRegistry.java;ImportDeclaration
/home/paper219/Desktop/analysis/demonstration/projects/servo/revisions/rev_e4ff63b_ce61863/rev_e4ff63b-ce61863/servo-core/src/main/java/com/netflix/servo/publish/PrefixMetricFilter.java;FieldDeclaration
/home/paper219/Desktop/analysis/demonstration/projects/servo/revisions/rev_e4ff63b_ce61863/rev_e4ff63b-ce61863/servo-core/src/main/java/com/netflix/servo/publish/RegexMetricFilter.java;FieldDeclaration
/home/paper219/Desktop/analysis/demonstration/projects/servo/revisions/rev_e4ff63b_ce61863/rev_e4ff63b-ce61863/servo-core/src/main/java/com/netflix/servo/publish/JmxMetricPoller.java;FieldDeclaration
/home/paper219/Desktop/analysis/demonstration/projects/servo/revisions/rev_e4ff63b_ce61863/rev_e4ff63b-ce61863/servo-core/src/main/java/com/netflix/servo/util/ThreadCpuStats.java;FieldDeclaration
/home/paper219/Desktop/analysis/demonstration/projects/servo/revisions/rev_e4ff63b_ce61863/rev_e4ff63b-ce61863/servo-core/src/main/java/com/netflix/servo/tag/SortedTagList.java;ImportDeclaration
/home/paper219/Desktop/analysis/demonstration/projects/servo/revisions/rev_e4ff63b_ce61863/rev_e4ff63b-ce61863/servo-core/src/main/java/com/netflix/servo/tag/SortedTagList.java;ImportDeclaration
/home/paper219/Desktop/analysis/demonstration/projects/servo/revisions/rev_e4ff63b_ce61863/rev_e4ff63b-ce61863/servo-core/src/main/java/com/netflix/servo/tag/SortedTagList.java;FieldDeclaration
/home/paper219/Desktop/analysis/demonstration/projects/servo/revisions/rev_e4ff63b_ce61863/rev_e4ff63b-ce61863/servo-core/src/main/java/com/netflix/servo/tag/StandardTagKeys.java;FieldDeclaration
/home/paper219/Desktop/analysis/demonstration/projects/servo/revisions/rev_e4ff63b_ce61863/rev_e4ff63b-ce61863/servo-core/src/test/java/com/netflix/servo/monitor/PublishingPolicyTest.java;FieldDeclaration
/home/paper219/Desktop/analysis/demonstration/projects/servo/revisions/rev_e4ff63b_ce61863/rev_e4ff63b-ce61863/servo-core/src/test/java/com/netflix/servo/monitor/MonitorConfigTest.java;PackageDeclaration
/home/paper219/Desktop/analysis/demonstration/projects/servo/revisions/rev_e4ff63b_ce61863/rev_e4ff63b-ce61863/servo-core/src/test/java/com/netflix/servo/monitor/MonitorConfigTest.java;ImportDeclaration
/home/paper219/Desktop/analysis/demonstration/projects/servo/revisions/rev_e4ff63b_ce61863/rev_e4ff63b-ce61863/servo-core/src/test/java/com/netflix/servo/tag/BasicTagTest.java;FieldDeclaration
/home/paper219/Desktop/analysis/demonstration/projects/servo/revisions/rev_e4ff63b_ce61863/rev_e4ff63b-ce61863/servo-core/src/test/java/com/netflix/servo/tag/SortedTagListTest.java;ImportDeclaration
/home/paper219/Desktop/analysis/demonstration/projects/servo/revisions/rev_e4ff63b_ce61863/rev_e4ff63b-ce61863/servo-core/src/test/java/com/netflix/servo/tag/SortedTagListTest.java;ImportDeclaration
/home/paper219/Desktop/analysis/demonstration/projects/graphql-java/revisions/rev_198b8cc_f863c8f/rev_198b8cc-f863c8f/src/main/java/graphql/execution/Execution.java;ImportDeclaration
/home/paper219/Desktop/analysis/demonstration/projects/graphql-java/revisions/rev_198b8cc_f863c8f/rev_198b8cc-f863c8f/src/main/java/graphql/execution/Execution.java;ImportDeclaration
/home/paper219/Desktop/analysis/demonstration/projects/graphql-java/revisions/rev_fe24dfe_0fdbf32/rev_fe24dfe-0fdbf32/src/main/java/graphql/execution/preparsed/PreparsedDocumentProvider.java;MethodDeclaration
/home/paper219/Desktop/analysis/demonstration/projects/xodus/revisions/rev_bad3ed8_210f741/rev_bad3ed8-210f741/entity-store/src/main/java/jetbrains/exodus/entitystore/EntityIterableCacheAdapter.java;FieldDeclaration
/home/paper219/Desktop/analysis/demonstration/projects/xodus/revisions/rev_a9019b9_0ac52d6/rev_a9019b9-0ac52d6/openAPI/src/main/java/jetbrains/exodus/env/EnvironmentConfig.java;MethodDeclaration
/home/paper219/Desktop/analysis/demonstration/projects/xodus/revisions/rev_a9019b9_0ac52d6/rev_a9019b9-0ac52d6/environment/src/main/java/jetbrains/exodus/env/management/EnvironmentConfigMBean.java;MethodDeclaration
/home/paper219/Desktop/analysis/demonstration/projects/dagger/revisions/rev_c3b97b6_f554e50/rev_c3b97b6-f554e50/src/main/java/com/squareup/injector/internal/AtInjectBinding.java;FieldDeclaration
/home/paper219/Desktop/analysis/demonstration/projects/dagger/revisions/rev_c3b97b6_f554e50/rev_c3b97b6-f554e50/src/main/java/com/squareup/codegen/InjectProcessor.java;FieldDeclaration
/home/paper219/Desktop/analysis/demonstration/projects/dagger/revisions/rev_c3b97b6_f554e50/rev_c3b97b6-f554e50/src/main/java/com/squareup/codegen/CodeGen.java;ImportDeclaration
/home/paper219/Desktop/analysis/demonstration/projects/xodus/revisions/rev_6212f9c_b8030b1/rev_6212f9c-b8030b1/openAPI/src/main/java/jetbrains/exodus/ByteIterator.java;MethodDeclaration
/home/paper219/Desktop/analysis/demonstration/projects/xodus/revisions/rev_1030bb3_eae9845/rev_1030bb3-eae9845/environment/src/main/java/jetbrains/exodus/io/Block.java;MethodDeclaration
/home/paper219/Desktop/analysis/demonstration/projects/xodus/revisions/rev_1030bb3_eae9845/rev_1030bb3-eae9845/environment/src/main/java/jetbrains/exodus/io/inMemory/MemoryDataReader.java;MethodDeclaration
/home/paper219/Desktop/analysis/demonstration/projects/xodus/revisions/rev_0a19e10_a5d1b68/rev_0a19e10-a5d1b68/entity-store/src/test/java/jetbrains/exodus/entitystore/iterate/EntityIterableTests.java;MethodDeclaration
/home/paper219/Desktop/analysis/demonstration/projects/xodus/revisions/rev_1f4b98b_56ea0e3/rev_1f4b98b-56ea0e3/entity-store/src/main/java/jetbrains/exodus/entitystore/iterate/PropertyValueIterable.java;ImportDeclaration
/home/paper219/Desktop/analysis/demonstration/projects/RxNetty/revisions/rev_fccb0d6_bbd39e3/rev_fccb0d6-bbd39e3/rx-netty-remote-observable/src/test/java/io/reactivex/netty/MetricsTest.java;ImportDeclaration
/home/paper219/Desktop/analysis/demonstration/projects/RxNetty/revisions/rev_fccb0d6_bbd39e3/rev_fccb0d6-bbd39e3/rx-netty-remote-observable/src/test/java/io/reactivex/netty/RemoteObservableTest.java;ImportDeclaration
/home/paper219/Desktop/analysis/demonstration/projects/RxNetty/revisions/rev_fccb0d6_bbd39e3/rev_fccb0d6-bbd39e3/rx-netty-remote-observable/src/test/java/io/reactivex/netty/RemoteObservableTest.java;ImportDeclaration
/home/paper219/Desktop/analysis/demonstration/projects/RxNetty/revisions/rev_76e4e41_ff9381b/rev_76e4e41-ff9381b/rx-netty-remote-observable/src/main/java/io/reactivex/netty/PortSelectorWithinRange.java;PackageDeclaration
/home/paper219/Desktop/analysis/demonstration/projects/RxNetty/revisions/rev_52f2378_825850e/rev_52f2378-825850e/rx-netty/src/main/java/io/reactivex/netty/channel/DefaultChannelWriter.java;ImportDeclaration
/home/paper219/Desktop/analysis/demonstration/projects/RxNetty/revisions/rev_52f2378_825850e/rev_52f2378-825850e/rx-netty/src/main/java/io/reactivex/netty/channel/DefaultChannelWriter.java;FieldDeclaration
/home/paper219/Desktop/analysis/demonstration/projects/RxNetty/revisions/rev_52f2378_825850e/rev_52f2378-825850e/rx-netty/src/main/java/io/reactivex/netty/channel/DefaultChannelWriter.java;MethodDeclaration
/home/paper219/Desktop/analysis/demonstration/projects/RxNetty/revisions/rev_52f2378_825850e/rev_52f2378-825850e/rx-netty/src/main/java/io/reactivex/netty/channel/ObservableConnection.java;ImportDeclaration
/home/paper219/Desktop/analysis/demonstration/projects/RxNetty/revisions/rev_52f2378_825850e/rev_52f2378-825850e/rx-netty/src/main/java/io/reactivex/netty/channel/ObservableConnection.java;FieldDeclaration
/home/paper219/Desktop/analysis/demonstration/projects/RxNetty/revisions/rev_52f2378_825850e/rev_52f2378-825850e/rx-netty/src/main/java/io/reactivex/netty/channel/ObservableConnection.java;FieldDeclaration
/home/paper219/Desktop/analysis/demonstration/projects/RxNetty/revisions/rev_52f2378_825850e/rev_52f2378-825850e/rx-netty/src/main/java/io/reactivex/netty/channel/ObservableConnection.java;MethodDeclaration
/home/paper219/Desktop/analysis/demonstration/projects/RxNetty/revisions/rev_52f2378_825850e/rev_52f2378-825850e/rx-netty/src/test/java/io/reactivex/netty/protocol/http/server/UnexpectedErrorsTest.java;ImportDeclaration
/home/paper219/Desktop/analysis/demonstration/projects/RxNetty/revisions/rev_9a0e62f_5841056/rev_9a0e62f-5841056/rx-netty/src/main/java/io/reactivex/netty/client/AbstractClientBuilder.java;FieldDeclaration
/home/paper219/Desktop/analysis/demonstration/projects/RxNetty/revisions/rev_9a0e62f_5841056/rev_9a0e62f-5841056/rx-netty/src/main/java/io/reactivex/netty/server/AbstractServerBuilder.java;FieldDeclaration
/home/paper219/Desktop/analysis/demonstration/projects/RxNetty/revisions/rev_9a0e62f_5841056/rev_9a0e62f-5841056/rx-netty/src/main/java/io/reactivex/netty/protocol/udp/client/UdpClientBuilder.java;ImportDeclaration
/home/paper219/Desktop/analysis/demonstration/projects/RxNetty/revisions/rev_9a0e62f_5841056/rev_9a0e62f-5841056/rx-netty/src/main/java/io/reactivex/netty/protocol/udp/server/UdpServerBuilder.java;ImportDeclaration
/home/paper219/Desktop/analysis/demonstration/projects/RxNetty/revisions/rev_9a0e62f_5841056/rev_9a0e62f-5841056/rx-netty/src/main/java/io/reactivex/netty/pipeline/PipelineConfigurators.java;ImportDeclaration
/home/paper219/Desktop/analysis/demonstration/projects/dagger/revisions/rev_9f9d8ca_91e8564/rev_9f9d8ca-91e8564/core/src/test/java/dagger/internal/KeysTest.java;ImportDeclaration
/home/paper219/Desktop/analysis/demonstration/projects/dagger/revisions/rev_9f9d8ca_91e8564/rev_9f9d8ca-91e8564/core/src/test/java/dagger/MembersInjectorTest.java;ImportDeclaration
/home/paper219/Desktop/analysis/demonstration/projects/dagger/revisions/rev_9f9d8ca_91e8564/rev_9f9d8ca-91e8564/core/src/test/java/dagger/InjectStaticsTest.java;ImportDeclaration
/home/paper219/Desktop/analysis/demonstration/projects/dagger/revisions/rev_9f9d8ca_91e8564/rev_9f9d8ca-91e8564/core/src/test/java/dagger/SetBindingTest.java;ImportDeclaration
/home/paper219/Desktop/analysis/demonstration/projects/dagger/revisions/rev_9f9d8ca_91e8564/rev_9f9d8ca-91e8564/core/src/test/java/dagger/LazyInjectionTest.java;ImportDeclaration
/home/paper219/Desktop/analysis/demonstration/projects/dagger/revisions/rev_9f9d8ca_91e8564/rev_9f9d8ca-91e8564/core/src/test/java/dagger/InjectionTest.java;ImportDeclaration
/home/paper219/Desktop/analysis/demonstration/projects/dagger/revisions/rev_9f9d8ca_91e8564/rev_9f9d8ca-91e8564/core/src/test/java/dagger/ProblemDetectorTest.java;ImportDeclaration
/home/paper219/Desktop/analysis/demonstration/projects/dagger/revisions/rev_9f9d8ca_91e8564/rev_9f9d8ca-91e8564/core/src/test/java/dagger/ModuleIncludesTest.java;ImportDeclaration
/home/paper219/Desktop/analysis/demonstration/projects/dagger/revisions/rev_9f9d8ca_91e8564/rev_9f9d8ca-91e8564/core/src/test/java/dagger/InjectionOfLazyTest.java;ImportDeclaration
/home/paper219/Desktop/analysis/demonstration/projects/dagger/revisions/rev_9f9d8ca_91e8564/rev_9f9d8ca-91e8564/core/src/test/java/dagger/ExtensionTest.java;ImportDeclaration
/home/paper219/Desktop/analysis/demonstration/projects/dagger/revisions/rev_9f9d8ca_91e8564/rev_9f9d8ca-91e8564/androidmanifest/src/test/java/dagger/androidmanifest/ModuleGeneratorTest.java;ImportDeclaration
/home/paper219/Desktop/analysis/demonstration/projects/dagger/revisions/rev_9f9d8ca_91e8564/rev_9f9d8ca-91e8564/compiler/src/test/java/dagger/internal/codegen/DotWriterTest.java;ImportDeclaration
/home/paper219/Desktop/analysis/demonstration/projects/dagger/revisions/rev_9f9d8ca_91e8564/rev_9f9d8ca-91e8564/compiler/src/test/java/dagger/internal/codegen/GraphVisualizerTest.java;ImportDeclaration
/home/paper219/Desktop/analysis/demonstration/projects/RxNetty/revisions/rev_8530e8d_549e21f/rev_8530e8d-549e21f/rxnetty/src/main/java/io/reactivex/netty/client/PoolConfig.java;MethodDeclaration
/home/paper219/Desktop/analysis/demonstration/projects/RxNetty/revisions/rev_8530e8d_549e21f/rev_8530e8d-549e21f/rxnetty/src/main/java/io/reactivex/netty/protocol/http/clientNew/HttpClient.java;ImportDeclaration
/home/paper219/Desktop/analysis/demonstration/projects/RxNetty/revisions/rev_8530e8d_549e21f/rev_8530e8d-549e21f/rxnetty/src/main/java/io/reactivex/netty/protocol/http/clientNew/HttpClient.java;ImportDeclaration
/home/paper219/Desktop/analysis/demonstration/projects/RxNetty/revisions/rev_8530e8d_549e21f/rev_8530e8d-549e21f/rxnetty/src/main/java/io/reactivex/netty/protocol/http/clientNew/HttpClient.java;ImportDeclaration
/home/paper219/Desktop/analysis/demonstration/projects/RxNetty/revisions/rev_8530e8d_549e21f/rev_8530e8d-549e21f/rxnetty/src/main/java/io/reactivex/netty/protocol/http/clientNew/HttpClient.java;ImportDeclaration
/home/paper219/Desktop/analysis/demonstration/projects/RxNetty/revisions/rev_8530e8d_549e21f/rev_8530e8d-549e21f/rxnetty/src/main/java/io/reactivex/netty/protocol/http/clientNew/HttpClient.java;ImportDeclaration
/home/paper219/Desktop/analysis/demonstration/projects/RxNetty/revisions/rev_8530e8d_549e21f/rev_8530e8d-549e21f/rxnetty/src/main/java/io/reactivex/netty/protocol/http/clientNew/HttpClient.java;ImportDeclaration
/home/paper219/Desktop/analysis/demonstration/projects/RxNetty/revisions/rev_8530e8d_549e21f/rev_8530e8d-549e21f/rxnetty/src/main/java/io/reactivex/netty/protocol/http/clientNew/HttpClient.java;MethodDeclaration
/home/paper219/Desktop/analysis/demonstration/projects/RxNetty/revisions/rev_8530e8d_549e21f/rev_8530e8d-549e21f/rxnetty/src/main/java/io/reactivex/netty/protocol/http/clientNew/HttpClient.java;MethodDeclaration
/home/paper219/Desktop/analysis/demonstration/projects/RxNetty/revisions/rev_8530e8d_549e21f/rev_8530e8d-549e21f/rxnetty/src/main/java/io/reactivex/netty/protocol/http/clientNew/HttpClient.java;MethodDeclaration
/home/paper219/Desktop/analysis/demonstration/projects/RxNetty/revisions/rev_8530e8d_549e21f/rev_8530e8d-549e21f/rxnetty/src/main/java/io/reactivex/netty/protocol/http/clientNew/HttpClient.java;MethodDeclaration
/home/paper219/Desktop/analysis/demonstration/projects/RxNetty/revisions/rev_8530e8d_549e21f/rev_8530e8d-549e21f/rxnetty/src/main/java/io/reactivex/netty/protocol/http/clientNew/HttpClient.java;MethodDeclaration
/home/paper219/Desktop/analysis/demonstration/projects/RxNetty/revisions/rev_8530e8d_549e21f/rev_8530e8d-549e21f/rxnetty/src/main/java/io/reactivex/netty/protocol/http/clientNew/HttpClient.java;MethodDeclaration
/home/paper219/Desktop/analysis/demonstration/projects/RxNetty/revisions/rev_8530e8d_549e21f/rev_8530e8d-549e21f/rxnetty/src/main/java/io/reactivex/netty/protocol/http/clientNew/HttpClient.java;MethodDeclaration
/home/paper219/Desktop/analysis/demonstration/projects/RxNetty/revisions/rev_8530e8d_549e21f/rev_8530e8d-549e21f/rxnetty/src/main/java/io/reactivex/netty/protocol/http/clientNew/HttpClient.java;MethodDeclaration
/home/paper219/Desktop/analysis/demonstration/projects/RxNetty/revisions/rev_8530e8d_549e21f/rev_8530e8d-549e21f/rxnetty/src/main/java/io/reactivex/netty/protocol/http/clientNew/HttpClientRequest.java;ImportDeclaration
/home/paper219/Desktop/analysis/demonstration/projects/RxNetty/revisions/rev_8530e8d_549e21f/rev_8530e8d-549e21f/rxnetty/src/main/java/io/reactivex/netty/protocol/http/clientNew/HttpClientRequest.java;ImportDeclaration
/home/paper219/Desktop/analysis/demonstration/projects/RxNetty/revisions/rev_8530e8d_549e21f/rev_8530e8d-549e21f/rxnetty/src/main/java/io/reactivex/netty/protocol/http/clientNew/HttpClientRequest.java;ImportDeclaration
/home/paper219/Desktop/analysis/demonstration/projects/RxNetty/revisions/rev_8530e8d_549e21f/rev_8530e8d-549e21f/rxnetty/src/main/java/io/reactivex/netty/protocol/http/clientNew/HttpClientRequest.java;ImportDeclaration
/home/paper219/Desktop/analysis/demonstration/projects/RxNetty/revisions/rev_8530e8d_549e21f/rev_8530e8d-549e21f/rxnetty/src/main/java/io/reactivex/netty/protocol/http/clientNew/HttpClientRequest.java;MethodDeclaration
/home/paper219/Desktop/analysis/demonstration/projects/RxNetty/revisions/rev_8530e8d_549e21f/rev_8530e8d-549e21f/rxnetty/src/main/java/io/reactivex/netty/protocol/http/clientNew/HttpClientRequest.java;MethodDeclaration
/home/paper219/Desktop/analysis/demonstration/projects/RxNetty/revisions/rev_8530e8d_549e21f/rev_8530e8d-549e21f/rxnetty/src/main/java/io/reactivex/netty/protocol/http/clientNew/HttpClientRequest.java;MethodDeclaration
/home/paper219/Desktop/analysis/demonstration/projects/RxNetty/revisions/rev_8530e8d_549e21f/rev_8530e8d-549e21f/rxnetty/src/main/java/io/reactivex/netty/protocol/http/clientNew/HttpClientRequest.java;MethodDeclaration
/home/paper219/Desktop/analysis/demonstration/projects/RxNetty/revisions/rev_8530e8d_549e21f/rev_8530e8d-549e21f/rxnetty/src/main/java/io/reactivex/netty/protocol/http/clientNew/HttpClientRequest.java;MethodDeclaration
/home/paper219/Desktop/analysis/demonstration/projects/RxNetty/revisions/rev_8530e8d_549e21f/rev_8530e8d-549e21f/rxnetty/src/main/java/io/reactivex/netty/protocol/http/clientNew/HttpClientRequest.java;MethodDeclaration
/home/paper219/Desktop/analysis/demonstration/projects/RxNetty/revisions/rev_8530e8d_549e21f/rev_8530e8d-549e21f/rxnetty/src/main/java/io/reactivex/netty/protocol/http/clientNew/HttpClientRequest.java;MethodDeclaration
/home/paper219/Desktop/analysis/demonstration/projects/RxNetty/revisions/rev_8530e8d_549e21f/rev_8530e8d-549e21f/rxnetty/src/main/java/io/reactivex/netty/protocol/http/clientNew/HttpClientRequest.java;MethodDeclaration
/home/paper219/Desktop/analysis/demonstration/projects/RxNetty/revisions/rev_8530e8d_549e21f/rev_8530e8d-549e21f/rxnetty/src/main/java/io/reactivex/netty/protocol/http/clientNew/HttpClientRequest.java;MethodDeclaration
/home/paper219/Desktop/analysis/demonstration/projects/RxNetty/revisions/rev_8530e8d_549e21f/rev_8530e8d-549e21f/rxnetty/src/main/java/io/reactivex/netty/protocol/http/clientNew/HttpClientRequest.java;MethodDeclaration
/home/paper219/Desktop/analysis/demonstration/projects/RxNetty/revisions/rev_8530e8d_549e21f/rev_8530e8d-549e21f/rxnetty/src/main/java/io/reactivex/netty/protocol/tcp/client/PooledClientConnectionFactoryImpl.java;ImportDeclaration
/home/paper219/Desktop/analysis/demonstration/projects/RxNetty/revisions/rev_8530e8d_549e21f/rev_8530e8d-549e21f/rxnetty/src/main/java/io/reactivex/netty/protocol/tcp/client/PooledClientConnectionFactoryImpl.java;ImportDeclaration
/home/paper219/Desktop/analysis/demonstration/projects/RxNetty/revisions/rev_8530e8d_549e21f/rev_8530e8d-549e21f/rxnetty/src/main/java/io/reactivex/netty/protocol/tcp/client/ClientConnectionFactory.java;ImportDeclaration
/home/paper219/Desktop/analysis/demonstration/projects/RxNetty/revisions/rev_8530e8d_549e21f/rev_8530e8d-549e21f/rxnetty/src/main/java/io/reactivex/netty/protocol/tcp/client/ClientConnectionFactory.java;ImportDeclaration
/home/paper219/Desktop/analysis/demonstration/projects/RxNetty/revisions/rev_8530e8d_549e21f/rev_8530e8d-549e21f/rxnetty/src/main/java/io/reactivex/netty/protocol/tcp/client/IdleConnectionsHolder.java;ImportDeclaration
/home/paper219/Desktop/analysis/demonstration/projects/RxNetty/revisions/rev_8530e8d_549e21f/rev_8530e8d-549e21f/rxnetty/src/main/java/io/reactivex/netty/protocol/tcp/server/TcpServer.java;ImportDeclaration
/home/paper219/Desktop/analysis/demonstration/projects/RxNetty/revisions/rev_8530e8d_549e21f/rev_8530e8d-549e21f/rxnetty/src/main/java/io/reactivex/netty/protocol/tcp/server/TcpServer.java;ImportDeclaration
/home/paper219/Desktop/analysis/demonstration/projects/RxNetty/revisions/rev_8530e8d_549e21f/rev_8530e8d-549e21f/rxnetty/src/main/java/io/reactivex/netty/channel/DefaultChannelOperations.java;ImportDeclaration
/home/paper219/Desktop/analysis/demonstration/projects/RxNetty/revisions/rev_8530e8d_549e21f/rev_8530e8d-549e21f/rxnetty/src/main/java/io/reactivex/netty/channel/DefaultChannelOperations.java;ImportDeclaration
/home/paper219/Desktop/analysis/demonstration/projects/RxNetty/revisions/rev_8530e8d_549e21f/rev_8530e8d-549e21f/rxnetty/src/main/java/io/reactivex/netty/channel/DefaultChannelOperations.java;ImportDeclaration
/home/paper219/Desktop/analysis/demonstration/projects/RxNetty/revisions/rev_8530e8d_549e21f/rev_8530e8d-549e21f/rxnetty/src/main/java/io/reactivex/netty/channel/DefaultChannelOperations.java;FieldDeclaration
/home/paper219/Desktop/analysis/demonstration/projects/RxNetty/revisions/rev_8530e8d_549e21f/rev_8530e8d-549e21f/rxnetty/src/main/java/io/reactivex/netty/channel/ClientConnectionToChannelBridge.java;ImportDeclaration
/home/paper219/Desktop/analysis/demonstration/projects/RxNetty/revisions/rev_8530e8d_549e21f/rev_8530e8d-549e21f/rxnetty/src/main/java/io/reactivex/netty/channel/ClientConnectionToChannelBridge.java;ImportDeclaration
/home/paper219/Desktop/analysis/demonstration/projects/RxNetty/revisions/rev_8530e8d_549e21f/rev_8530e8d-549e21f/rxnetty/src/main/java/io/reactivex/netty/channel/ClientConnectionToChannelBridge.java;ImportDeclaration
/home/paper219/Desktop/analysis/demonstration/projects/RxNetty/revisions/rev_8530e8d_549e21f/rev_8530e8d-549e21f/rxnetty/src/main/java/io/reactivex/netty/channel/ClientConnectionToChannelBridge.java;MethodDeclaration
/home/paper219/Desktop/analysis/demonstration/projects/RxNetty/revisions/rev_8530e8d_549e21f/rev_8530e8d-549e21f/rxnetty/src/main/java/io/reactivex/netty/channel/ChannelOperations.java;ImportDeclaration
/home/paper219/Desktop/analysis/demonstration/projects/RxNetty/revisions/rev_8530e8d_549e21f/rev_8530e8d-549e21f/rxnetty/src/main/java/io/reactivex/netty/channel/ChannelOperations.java;MethodDeclaration
/home/paper219/Desktop/analysis/demonstration/projects/RxNetty/revisions/rev_8530e8d_549e21f/rev_8530e8d-549e21f/rxnetty/src/main/java/io/reactivex/netty/channel/ChannelOperations.java;MethodDeclaration
/home/paper219/Desktop/analysis/demonstration/projects/RxNetty/revisions/rev_8530e8d_549e21f/rev_8530e8d-549e21f/rxnetty/src/main/java/io/reactivex/netty/channel/ChannelOperations.java;MethodDeclaration
/home/paper219/Desktop/analysis/demonstration/projects/RxNetty/revisions/rev_8530e8d_549e21f/rev_8530e8d-549e21f/rxnetty/src/main/java/io/reactivex/netty/channel/ChannelOperations.java;MethodDeclaration
/home/paper219/Desktop/analysis/demonstration/projects/RxNetty/revisions/rev_8530e8d_549e21f/rev_8530e8d-549e21f/rxnetty/src/main/java/io/reactivex/netty/channel/ChannelOperations.java;MethodDeclaration
/home/paper219/Desktop/analysis/demonstration/projects/RxNetty/revisions/rev_8530e8d_549e21f/rev_8530e8d-549e21f/rxnetty/src/main/java/io/reactivex/netty/channel/ChannelOperations.java;MethodDeclaration
/home/paper219/Desktop/analysis/demonstration/projects/RxNetty/revisions/rev_8530e8d_549e21f/rev_8530e8d-549e21f/rxnetty/src/main/java/io/reactivex/netty/channel/ChannelOperations.java;MethodDeclaration
/home/paper219/Desktop/analysis/demonstration/projects/RxNetty/revisions/rev_8530e8d_549e21f/rev_8530e8d-549e21f/rxnetty/src/main/java/io/reactivex/netty/channel/ChannelOperations.java;MethodDeclaration
/home/paper219/Desktop/analysis/demonstration/projects/RxNetty/revisions/rev_8530e8d_549e21f/rev_8530e8d-549e21f/rxnetty/src/main/java/io/reactivex/netty/channel/ChannelOperations.java;MethodDeclaration
/home/paper219/Desktop/analysis/demonstration/projects/RxNetty/revisions/rev_8530e8d_549e21f/rev_8530e8d-549e21f/rxnetty/src/main/java/io/reactivex/netty/channel/ChannelOperations.java;MethodDeclaration
/home/paper219/Desktop/analysis/demonstration/projects/RxNetty/revisions/rev_8530e8d_549e21f/rev_8530e8d-549e21f/rxnetty/src/main/java/io/reactivex/netty/channel/ChannelOperations.java;MethodDeclaration
/home/paper219/Desktop/analysis/demonstration/projects/RxNetty/revisions/rev_8530e8d_549e21f/rev_8530e8d-549e21f/rxnetty/src/main/java/io/reactivex/netty/channel/ChannelOperations.java;MethodDeclaration
/home/paper219/Desktop/analysis/demonstration/projects/RxNetty/revisions/rev_8530e8d_549e21f/rev_8530e8d-549e21f/rxnetty/src/main/java/io/reactivex/netty/channel/Connection.java;ImportDeclaration
/home/paper219/Desktop/analysis/demonstration/projects/RxNetty/revisions/rev_8530e8d_549e21f/rev_8530e8d-549e21f/rxnetty/src/main/java/io/reactivex/netty/channel/Connection.java;MethodDeclaration
/home/paper219/Desktop/analysis/demonstration/projects/RxNetty/revisions/rev_8530e8d_549e21f/rev_8530e8d-549e21f/rxnetty-examples/src/test/java/io/reactivex/netty/examples/http/helloworld/HelloWorldTest.java;ImportDeclaration
/home/paper219/Desktop/analysis/demonstration/projects/RxNetty/revisions/rev_f7e49e7_153d71b/rev_f7e49e7-153d71b/rxnetty/src/main/java/io/reactivex/netty/protocol/tcp/client/ConnectionProvider.java;ImportDeclaration
/home/paper219/Desktop/analysis/demonstration/projects/RxNetty/revisions/rev_f7e49e7_153d71b/rev_f7e49e7-153d71b/rxnetty/src/main/java/io/reactivex/netty/protocol/tcp/client/ConnectionProvider.java;ImportDeclaration
/home/paper219/Desktop/analysis/demonstration/projects/RxNetty/revisions/rev_f7e49e7_153d71b/rev_f7e49e7-153d71b/rxnetty/src/main/java/io/reactivex/netty/protocol/tcp/client/ConnectionProvider.java;FieldDeclaration
/home/paper219/Desktop/analysis/demonstration/projects/RxNetty/revisions/rev_f7e49e7_153d71b/rev_f7e49e7-153d71b/rxnetty/src/main/java/io/reactivex/netty/protocol/tcp/client/ConnectionProvider.java;FieldDeclaration
/home/paper219/Desktop/analysis/demonstration/projects/RxNetty/revisions/rev_f7e49e7_153d71b/rev_f7e49e7-153d71b/rxnetty/src/main/java/io/reactivex/netty/protocol/tcp/client/ConnectionProvider.java;MethodDeclaration
/home/paper219/Desktop/analysis/demonstration/projects/dagger/revisions/rev_f207ab4_a0e40f0/rev_f207ab4-a0e40f0/core/src/test/java/dagger/UnusedProviderTest.java;ImportDeclaration
/home/paper219/Desktop/analysis/demonstration/projects/dagger/revisions/rev_5a31bed_886ce2b/rev_5a31bed-886ce2b/compiler/src/main/java/dagger/internal/codegen/GraphAnalysisInjectBinding.java;MethodDeclaration
/home/paper219/Desktop/analysis/demonstration/projects/dagger/revisions/rev_66e14ce_cb95092/rev_66e14ce-cb95092/core/src/main/java/dagger/ObjectGraph.java;ImportDeclaration
/home/paper219/Desktop/analysis/demonstration/projects/dagger/revisions/rev_66e14ce_cb95092/rev_66e14ce-cb95092/core/src/main/java/dagger/ObjectGraph.java;ImportDeclaration
/home/paper219/Desktop/analysis/demonstration/projects/dagger/revisions/rev_66e14ce_cb95092/rev_66e14ce-cb95092/core/src/main/java/dagger/ObjectGraph.java;ImportDeclaration
/home/paper219/Desktop/analysis/demonstration/projects/dagger/revisions/rev_66e14ce_cb95092/rev_66e14ce-cb95092/core/src/main/java/dagger/ObjectGraph.java;ImportDeclaration
/home/paper219/Desktop/analysis/demonstration/projects/dagger/revisions/rev_66e14ce_cb95092/rev_66e14ce-cb95092/compiler/src/main/java/dagger/internal/codegen/ModuleAdapterProcessor.java;ImportDeclaration
/home/paper219/Desktop/analysis/demonstration/projects/dagger/revisions/rev_66e14ce_cb95092/rev_66e14ce-cb95092/compiler/src/main/java/dagger/internal/codegen/ModuleAdapterProcessor.java;ImportDeclaration
/home/paper219/Desktop/analysis/demonstration/projects/dagger/revisions/rev_66e14ce_cb95092/rev_66e14ce-cb95092/compiler/src/main/java/dagger/internal/codegen/InjectAdapterProcessor.java;ImportDeclaration
/home/paper219/Desktop/analysis/demonstration/projects/dagger/revisions/rev_1bc7c83_8f2e49e/rev_1bc7c83-8f2e49e/core/src/main/java/dagger/internal/Linker.java;ImportDeclaration
/home/paper219/Desktop/analysis/demonstration/projects/dagger/revisions/rev_1bc7c83_8f2e49e/rev_1bc7c83-8f2e49e/core/src/main/java/dagger/internal/Linker.java;ImportDeclaration
/home/paper219/Desktop/analysis/demonstration/projects/dagger/revisions/rev_1bc7c83_8f2e49e/rev_1bc7c83-8f2e49e/core/src/main/java/dagger/internal/Linker.java;ImportDeclaration
/home/paper219/Desktop/analysis/demonstration/projects/dagger/revisions/rev_1bc7c83_8f2e49e/rev_1bc7c83-8f2e49e/core/src/main/java/dagger/internal/Linker.java;FieldDeclaration
/home/paper219/Desktop/analysis/demonstration/projects/dagger/revisions/rev_1bc7c83_8f2e49e/rev_1bc7c83-8f2e49e/core/src/main/java/dagger/internal/Linker.java;MethodDeclaration
/home/paper219/Desktop/analysis/demonstration/projects/dagger/revisions/rev_1bc7c83_8f2e49e/rev_1bc7c83-8f2e49e/core/src/main/java/dagger/internal/Keys.java;FieldDeclaration
/home/paper219/Desktop/analysis/demonstration/projects/dagger/revisions/rev_1bc7c83_8f2e49e/rev_1bc7c83-8f2e49e/core/src/main/java/dagger/internal/SetBinding.java;ImportDeclaration
/home/paper219/Desktop/analysis/demonstration/projects/dagger/revisions/rev_1bc7c83_8f2e49e/rev_1bc7c83-8f2e49e/core/src/main/java/dagger/internal/SetBinding.java;ImportDeclaration
/home/paper219/Desktop/analysis/demonstration/projects/dagger/revisions/rev_1bc7c83_8f2e49e/rev_1bc7c83-8f2e49e/core/src/main/java/dagger/internal/SetBinding.java;MethodDeclaration
/home/paper219/Desktop/analysis/demonstration/projects/dagger/revisions/rev_1bc7c83_8f2e49e/rev_1bc7c83-8f2e49e/core/src/main/java/dagger/internal/SetBinding.java;MethodDeclaration
/home/paper219/Desktop/analysis/demonstration/projects/dagger/revisions/rev_1bc7c83_8f2e49e/rev_1bc7c83-8f2e49e/core/src/main/java/dagger/internal/Loader.java;ImportDeclaration
/home/paper219/Desktop/analysis/demonstration/projects/dagger/revisions/rev_1bc7c83_8f2e49e/rev_1bc7c83-8f2e49e/core/src/main/java/dagger/internal/Loader.java;MethodDeclaration
/home/paper219/Desktop/analysis/demonstration/projects/dagger/revisions/rev_1bc7c83_8f2e49e/rev_1bc7c83-8f2e49e/core/src/main/java/dagger/internal/FailoverLoader.java;FieldDeclaration
/home/paper219/Desktop/analysis/demonstration/projects/dagger/revisions/rev_1bc7c83_8f2e49e/rev_1bc7c83-8f2e49e/core/src/main/java/dagger/internal/FailoverLoader.java;FieldDeclaration
/home/paper219/Desktop/analysis/demonstration/projects/dagger/revisions/rev_1bc7c83_8f2e49e/rev_1bc7c83-8f2e49e/core/src/main/java/dagger/internal/Modules.java;FieldDeclaration
/home/paper219/Desktop/analysis/demonstration/projects/dagger/revisions/rev_1bc7c83_8f2e49e/rev_1bc7c83-8f2e49e/core/src/main/java/dagger/internal/Modules.java;FieldDeclaration
/home/paper219/Desktop/analysis/demonstration/projects/dagger/revisions/rev_1bc7c83_8f2e49e/rev_1bc7c83-8f2e49e/core/src/main/java/dagger/internal/ModuleAdapter.java;ImportDeclaration
/home/paper219/Desktop/analysis/demonstration/projects/dagger/revisions/rev_1bc7c83_8f2e49e/rev_1bc7c83-8f2e49e/core/src/main/java/dagger/internal/ModuleAdapter.java;FieldDeclaration
/home/paper219/Desktop/analysis/demonstration/projects/dagger/revisions/rev_1bc7c83_8f2e49e/rev_1bc7c83-8f2e49e/core/src/main/java/dagger/internal/ModuleAdapter.java;FieldDeclaration
/home/paper219/Desktop/analysis/demonstration/projects/dagger/revisions/rev_1bc7c83_8f2e49e/rev_1bc7c83-8f2e49e/core/src/main/java/dagger/ObjectGraph.java;ImportDeclaration
/home/paper219/Desktop/analysis/demonstration/projects/dagger/revisions/rev_1bc7c83_8f2e49e/rev_1bc7c83-8f2e49e/core/src/main/java/dagger/ObjectGraph.java;ImportDeclaration
/home/paper219/Desktop/analysis/demonstration/projects/dagger/revisions/rev_1bc7c83_8f2e49e/rev_1bc7c83-8f2e49e/core/src/main/java/dagger/ObjectGraph.java;ImportDeclaration
/home/paper219/Desktop/analysis/demonstration/projects/dagger/revisions/rev_1bc7c83_8f2e49e/rev_1bc7c83-8f2e49e/core/src/main/java/dagger/ObjectGraph.java;ImportDeclaration
/home/paper219/Desktop/analysis/demonstration/projects/dagger/revisions/rev_1bc7c83_8f2e49e/rev_1bc7c83-8f2e49e/core/src/main/java/dagger/ObjectGraph.java;ImportDeclaration
/home/paper219/Desktop/analysis/demonstration/projects/dagger/revisions/rev_1bc7c83_8f2e49e/rev_1bc7c83-8f2e49e/core/src/main/java/dagger/ObjectGraph.java;ImportDeclaration
/home/paper219/Desktop/analysis/demonstration/projects/dagger/revisions/rev_1bc7c83_8f2e49e/rev_1bc7c83-8f2e49e/core/src/main/java/dagger/ObjectGraph.java;FieldDeclaration
/home/paper219/Desktop/analysis/demonstration/projects/dagger/revisions/rev_1bc7c83_8f2e49e/rev_1bc7c83-8f2e49e/core/src/main/java/dagger/ObjectGraph.java;FieldDeclaration
/home/paper219/Desktop/analysis/demonstration/projects/dagger/revisions/rev_1bc7c83_8f2e49e/rev_1bc7c83-8f2e49e/core/src/main/java/dagger/ObjectGraph.java;FieldDeclaration
/home/paper219/Desktop/analysis/demonstration/projects/dagger/revisions/rev_1bc7c83_8f2e49e/rev_1bc7c83-8f2e49e/core/src/test/java/dagger/internal/TestingModuleAdapter.java;ImportDeclaration
/home/paper219/Desktop/analysis/demonstration/projects/dagger/revisions/rev_1bc7c83_8f2e49e/rev_1bc7c83-8f2e49e/core/src/test/java/dagger/internal/TestingModuleAdapter.java;MethodDeclaration
/home/paper219/Desktop/analysis/demonstration/projects/dagger/revisions/rev_1bc7c83_8f2e49e/rev_1bc7c83-8f2e49e/core/src/test/java/dagger/internal/TestingModuleAdapter.java;MethodDeclaration
/home/paper219/Desktop/analysis/demonstration/projects/dagger/revisions/rev_1bc7c83_8f2e49e/rev_1bc7c83-8f2e49e/core/src/test/java/dagger/SetBindingTest.java;ImportDeclaration
/home/paper219/Desktop/analysis/demonstration/projects/dagger/revisions/rev_1bc7c83_8f2e49e/rev_1bc7c83-8f2e49e/core/src/test/java/dagger/InjectionTest.java;FieldDeclaration
/home/paper219/Desktop/analysis/demonstration/projects/dagger/revisions/rev_1bc7c83_8f2e49e/rev_1bc7c83-8f2e49e/compiler/src/main/java/dagger/internal/codegen/ModuleAdapterProcessor.java;ImportDeclaration
/home/paper219/Desktop/analysis/demonstration/projects/dagger/revisions/rev_1bc7c83_8f2e49e/rev_1bc7c83-8f2e49e/compiler/src/main/java/dagger/internal/codegen/ModuleAdapterProcessor.java;ImportDeclaration
/home/paper219/Desktop/analysis/demonstration/projects/dagger/revisions/rev_1bc7c83_8f2e49e/rev_1bc7c83-8f2e49e/compiler/src/main/java/dagger/internal/codegen/ModuleAdapterProcessor.java;ImportDeclaration
/home/paper219/Desktop/analysis/demonstration/projects/dagger/revisions/rev_1bc7c83_8f2e49e/rev_1bc7c83-8f2e49e/compiler/src/main/java/dagger/internal/codegen/ModuleAdapterProcessor.java;ImportDeclaration
/home/paper219/Desktop/analysis/demonstration/projects/dagger/revisions/rev_1bc7c83_8f2e49e/rev_1bc7c83-8f2e49e/compiler/src/main/java/dagger/internal/codegen/ModuleAdapterProcessor.java;ImportDeclaration
/home/paper219/Desktop/analysis/demonstration/projects/dagger/revisions/rev_1bc7c83_8f2e49e/rev_1bc7c83-8f2e49e/compiler/src/main/java/dagger/internal/codegen/ModuleAdapterProcessor.java;ImportDeclaration
/home/paper219/Desktop/analysis/demonstration/projects/dagger/revisions/rev_1bc7c83_8f2e49e/rev_1bc7c83-8f2e49e/compiler/src/main/java/dagger/internal/codegen/ModuleAdapterProcessor.java;ImportDeclaration
/home/paper219/Desktop/analysis/demonstration/projects/dagger/revisions/rev_1bc7c83_8f2e49e/rev_1bc7c83-8f2e49e/compiler/src/main/java/dagger/internal/codegen/ModuleAdapterProcessor.java;ImportDeclaration
/home/paper219/Desktop/analysis/demonstration/projects/dagger/revisions/rev_1bc7c83_8f2e49e/rev_1bc7c83-8f2e49e/compiler/src/main/java/dagger/internal/codegen/ModuleAdapterProcessor.java;ImportDeclaration
/home/paper219/Desktop/analysis/demonstration/projects/dagger/revisions/rev_1bc7c83_8f2e49e/rev_1bc7c83-8f2e49e/compiler/src/main/java/dagger/internal/codegen/ModuleAdapterProcessor.java;FieldDeclaration
/home/paper219/Desktop/analysis/demonstration/projects/dagger/revisions/rev_1bc7c83_8f2e49e/rev_1bc7c83-8f2e49e/compiler/src/main/java/dagger/internal/codegen/ModuleAdapterProcessor.java;FieldDeclaration
/home/paper219/Desktop/analysis/demonstration/projects/dagger/revisions/rev_1bc7c83_8f2e49e/rev_1bc7c83-8f2e49e/compiler/src/main/java/dagger/internal/codegen/ModuleAdapterProcessor.java;FieldDeclaration
/home/paper219/Desktop/analysis/demonstration/projects/dagger/revisions/rev_1bc7c83_8f2e49e/rev_1bc7c83-8f2e49e/compiler/src/main/java/dagger/internal/codegen/ModuleAdapterProcessor.java;FieldDeclaration
/home/paper219/Desktop/analysis/demonstration/projects/dagger/revisions/rev_1bc7c83_8f2e49e/rev_1bc7c83-8f2e49e/compiler/src/main/java/dagger/internal/codegen/ModuleAdapterProcessor.java;FieldDeclaration
/home/paper219/Desktop/analysis/demonstration/projects/dagger/revisions/rev_1bc7c83_8f2e49e/rev_1bc7c83-8f2e49e/compiler/src/main/java/dagger/internal/codegen/GraphAnalysisInjectBinding.java;ImportDeclaration
/home/paper219/Desktop/analysis/demonstration/projects/dagger/revisions/rev_1bc7c83_8f2e49e/rev_1bc7c83-8f2e49e/compiler/src/main/java/dagger/internal/codegen/GraphAnalysisStaticInjection.java;ImportDeclaration
/home/paper219/Desktop/analysis/demonstration/projects/dagger/revisions/rev_1bc7c83_8f2e49e/rev_1bc7c83-8f2e49e/compiler/src/main/java/dagger/internal/codegen/InjectAdapterProcessor.java;ImportDeclaration
/home/paper219/Desktop/analysis/demonstration/projects/dagger/revisions/rev_1bc7c83_8f2e49e/rev_1bc7c83-8f2e49e/compiler/src/main/java/dagger/internal/codegen/InjectAdapterProcessor.java;ImportDeclaration
/home/paper219/Desktop/analysis/demonstration/projects/dagger/revisions/rev_1bc7c83_8f2e49e/rev_1bc7c83-8f2e49e/compiler/src/main/java/dagger/internal/codegen/InjectAdapterProcessor.java;ImportDeclaration
/home/paper219/Desktop/analysis/demonstration/projects/dagger/revisions/rev_1bc7c83_8f2e49e/rev_1bc7c83-8f2e49e/compiler/src/main/java/dagger/internal/codegen/InjectAdapterProcessor.java;ImportDeclaration
/home/paper219/Desktop/analysis/demonstration/projects/dagger/revisions/rev_1bc7c83_8f2e49e/rev_1bc7c83-8f2e49e/compiler/src/main/java/dagger/internal/codegen/InjectAdapterProcessor.java;FieldDeclaration
/home/paper219/Desktop/analysis/demonstration/projects/dagger/revisions/rev_1bc7c83_8f2e49e/rev_1bc7c83-8f2e49e/compiler/src/main/java/dagger/internal/codegen/InjectAdapterProcessor.java;FieldDeclaration
/home/paper219/Desktop/analysis/demonstration/projects/dagger/revisions/rev_1bc7c83_8f2e49e/rev_1bc7c83-8f2e49e/compiler/src/main/java/dagger/internal/codegen/InjectAdapterProcessor.java;FieldDeclaration
/home/paper219/Desktop/analysis/demonstration/projects/dagger/revisions/rev_1bc7c83_8f2e49e/rev_1bc7c83-8f2e49e/compiler/src/main/java/dagger/internal/codegen/InjectAdapterProcessor.java;MethodDeclaration
/home/paper219/Desktop/analysis/demonstration/projects/dagger/revisions/rev_1bc7c83_8f2e49e/rev_1bc7c83-8f2e49e/compiler/src/main/java/dagger/internal/codegen/InjectAdapterProcessor.java;FieldDeclaration
/home/paper219/Desktop/analysis/demonstration/projects/dagger/revisions/rev_1bc7c83_8f2e49e/rev_1bc7c83-8f2e49e/compiler/src/main/java/dagger/internal/codegen/InjectAdapterProcessor.java;FieldDeclaration
/home/paper219/Desktop/analysis/demonstration/projects/dagger/revisions/rev_1bc7c83_8f2e49e/rev_1bc7c83-8f2e49e/compiler/src/main/java/dagger/internal/codegen/InjectAdapterProcessor.java;MethodDeclaration
/home/paper219/Desktop/analysis/demonstration/projects/dagger/revisions/rev_1bc7c83_8f2e49e/rev_1bc7c83-8f2e49e/compiler/src/main/java/dagger/internal/codegen/GraphVisualizer.java;ImportDeclaration
/home/paper219/Desktop/analysis/demonstration/projects/dagger/revisions/rev_1bc7c83_8f2e49e/rev_1bc7c83-8f2e49e/compiler/src/main/java/dagger/internal/codegen/GraphVisualizer.java;ImportDeclaration
/home/paper219/Desktop/analysis/demonstration/projects/dagger/revisions/rev_1bc7c83_8f2e49e/rev_1bc7c83-8f2e49e/compiler/src/main/java/dagger/internal/codegen/GraphVisualizer.java;FieldDeclaration
/home/paper219/Desktop/analysis/demonstration/projects/dagger/revisions/rev_1bc7c83_8f2e49e/rev_1bc7c83-8f2e49e/compiler/src/main/java/dagger/internal/codegen/GeneratorKeys.java;ImportDeclaration
/home/paper219/Desktop/analysis/demonstration/projects/dagger/revisions/rev_1bc7c83_8f2e49e/rev_1bc7c83-8f2e49e/compiler/src/main/java/dagger/internal/codegen/GeneratorKeys.java;FieldDeclaration
/home/paper219/Desktop/analysis/demonstration/projects/dagger/revisions/rev_1bc7c83_8f2e49e/rev_1bc7c83-8f2e49e/compiler/src/main/java/dagger/internal/codegen/GeneratorKeys.java;FieldDeclaration
/home/paper219/Desktop/analysis/demonstration/projects/dagger/revisions/rev_1bc7c83_8f2e49e/rev_1bc7c83-8f2e49e/compiler/src/main/java/dagger/internal/codegen/GeneratorKeys.java;FieldDeclaration
/home/paper219/Desktop/analysis/demonstration/projects/dagger/revisions/rev_1bc7c83_8f2e49e/rev_1bc7c83-8f2e49e/compiler/src/main/java/dagger/internal/codegen/GraphAnalysisProcessor.java;ImportDeclaration
/home/paper219/Desktop/analysis/demonstration/projects/dagger/revisions/rev_1bc7c83_8f2e49e/rev_1bc7c83-8f2e49e/compiler/src/main/java/dagger/internal/codegen/GraphAnalysisProcessor.java;ImportDeclaration
/home/paper219/Desktop/analysis/demonstration/projects/dagger/revisions/rev_1bc7c83_8f2e49e/rev_1bc7c83-8f2e49e/compiler/src/main/java/dagger/internal/codegen/GraphAnalysisProcessor.java;ImportDeclaration
/home/paper219/Desktop/analysis/demonstration/projects/dagger/revisions/rev_1bc7c83_8f2e49e/rev_1bc7c83-8f2e49e/compiler/src/main/java/dagger/internal/codegen/GraphAnalysisProcessor.java;ImportDeclaration
/home/paper219/Desktop/analysis/demonstration/projects/dagger/revisions/rev_1bc7c83_8f2e49e/rev_1bc7c83-8f2e49e/compiler/src/main/java/dagger/internal/codegen/GraphAnalysisProcessor.java;ImportDeclaration
/home/paper219/Desktop/analysis/demonstration/projects/dagger/revisions/rev_1bc7c83_8f2e49e/rev_1bc7c83-8f2e49e/compiler/src/main/java/dagger/internal/codegen/GraphAnalysisProcessor.java;FieldDeclaration
/home/paper219/Desktop/analysis/demonstration/projects/dagger/revisions/rev_1bc7c83_8f2e49e/rev_1bc7c83-8f2e49e/compiler/src/main/java/dagger/internal/codegen/GraphAnalysisProcessor.java;FieldDeclaration
/home/paper219/Desktop/analysis/demonstration/projects/dagger/revisions/rev_1bc7c83_8f2e49e/rev_1bc7c83-8f2e49e/compiler/src/main/java/dagger/internal/codegen/GraphAnalysisProcessor.java;FieldDeclaration
/home/paper219/Desktop/analysis/demonstration/projects/dagger/revisions/rev_1bc7c83_8f2e49e/rev_1bc7c83-8f2e49e/compiler/src/main/java/dagger/internal/codegen/GraphAnalysisProcessor.java;FieldDeclaration
/home/paper219/Desktop/analysis/demonstration/projects/dagger/revisions/rev_1bc7c83_8f2e49e/rev_1bc7c83-8f2e49e/compiler/src/main/java/dagger/internal/codegen/GraphAnalysisProcessor.java;FieldDeclaration
/home/paper219/Desktop/analysis/demonstration/projects/dagger/revisions/rev_1bc7c83_8f2e49e/rev_1bc7c83-8f2e49e/compiler/src/main/java/dagger/internal/codegen/GraphAnalysisProcessor.java;FieldDeclaration
/home/paper219/Desktop/analysis/demonstration/projects/dagger/revisions/rev_1bc7c83_8f2e49e/rev_1bc7c83-8f2e49e/compiler/src/main/java/dagger/internal/codegen/GraphAnalysisProcessor.java;MethodDeclaration
/home/paper219/Desktop/analysis/demonstration/projects/dagger/revisions/rev_1bc7c83_8f2e49e/rev_1bc7c83-8f2e49e/compiler/src/main/java/dagger/internal/codegen/GraphAnalysisProcessor.java;FieldDeclaration
/home/paper219/Desktop/analysis/demonstration/projects/volley/revisions/rev_0d6df2e_331e52b/rev_0d6df2e-331e52b/src/main/java/com/android/volley/toolbox/ImageRequest.java;ImportDeclaration
/home/paper219/Desktop/analysis/demonstration/projects/volley/revisions/rev_0d6df2e_331e52b/rev_0d6df2e-331e52b/src/main/java/com/android/volley/toolbox/ImageRequest.java;ImportDeclaration
/home/paper219/Desktop/analysis/demonstration/projects/volley/revisions/rev_0d6df2e_331e52b/rev_0d6df2e-331e52b/src/main/java/com/android/volley/toolbox/ImageRequest.java;FieldDeclaration
/home/paper219/Desktop/analysis/demonstration/projects/volley/revisions/rev_0d6df2e_331e52b/rev_0d6df2e-331e52b/src/main/java/com/android/volley/toolbox/ImageRequest.java;FieldDeclaration
/home/paper219/Desktop/analysis/demonstration/projects/volley/revisions/rev_0d6df2e_331e52b/rev_0d6df2e-331e52b/src/main/java/com/android/volley/toolbox/ImageRequest.java;FieldDeclaration
